model,problems,correct,attempts,condition,mode,level,type,threshold
gemma2-2b,500,63,1.0,baseline,greedy,all,all,0.0
gemma2-2b,500,51,1.0,openmath,greedy,all,all,0.0
gemma2-2b,43,20,1.0,baseline,greedy,1,all,0.0
gemma2-2b,43,12,1.0,openmath,greedy,1,all,0.0
gemma2-2b,90,23,1.0,baseline,greedy,2,all,0.0
gemma2-2b,90,22,1.0,openmath,greedy,2,all,0.0
gemma2-2b,105,12,1.0,baseline,greedy,3,all,0.0
gemma2-2b,105,8,1.0,openmath,greedy,3,all,0.0
gemma2-2b,128,6,1.0,baseline,greedy,4,all,0.0
gemma2-2b,128,6,1.0,openmath,greedy,4,all,0.0
gemma2-2b,134,2,1.0,baseline,greedy,5,all,0.0
gemma2-2b,134,3,1.0,openmath,greedy,5,all,0.0
gemma2-2b,124,26,1.0,baseline,greedy,all,algebra,0.0
gemma2-2b,124,22,1.0,openmath,greedy,all,algebra,0.0
gemma2-2b,38,1,1.0,baseline,greedy,all,counting_&_probability,0.0
gemma2-2b,38,1,1.0,openmath,greedy,all,counting_&_probability,0.0
gemma2-2b,41,0,1.0,baseline,greedy,all,geometry,0.0
gemma2-2b,41,1,1.0,openmath,greedy,all,geometry,0.0
gemma2-2b,97,5,1.0,baseline,greedy,all,intermediate_algebra,0.0
gemma2-2b,97,2,1.0,openmath,greedy,all,intermediate_algebra,0.0
gemma2-2b,62,12,1.0,baseline,greedy,all,number_theory,0.0
gemma2-2b,62,8,1.0,openmath,greedy,all,number_theory,0.0
gemma2-2b,82,14,1.0,baseline,greedy,all,prealgebra,0.0
gemma2-2b,82,13,1.0,openmath,greedy,all,prealgebra,0.0
gemma2-2b,56,5,1.0,baseline,greedy,all,precalculus,0.0
gemma2-2b,56,4,1.0,openmath,greedy,all,precalculus,0.0
gemma2-2b,201,33,1.0,baseline,greedy,all,all,0.1
gemma2-2b,201,26,1.0,openmath,greedy,all,all,0.1
gemma2-2b,19,12,1.0,baseline,greedy,1,all,0.1
gemma2-2b,19,8,1.0,openmath,greedy,1,all,0.1
gemma2-2b,39,9,1.0,baseline,greedy,2,all,0.1
gemma2-2b,39,8,1.0,openmath,greedy,2,all,0.1
gemma2-2b,52,8,1.0,baseline,greedy,3,all,0.1
gemma2-2b,52,4,1.0,openmath,greedy,3,all,0.1
gemma2-2b,43,3,1.0,baseline,greedy,4,all,0.1
gemma2-2b,43,4,1.0,openmath,greedy,4,all,0.1
gemma2-2b,48,1,1.0,baseline,greedy,5,all,0.1
gemma2-2b,48,2,1.0,openmath,greedy,5,all,0.1
gemma2-2b,52,16,1.0,baseline,greedy,all,algebra,0.1
gemma2-2b,52,15,1.0,openmath,greedy,all,algebra,0.1
gemma2-2b,19,1,1.0,baseline,greedy,all,counting_&_probability,0.1
gemma2-2b,19,1,1.0,openmath,greedy,all,counting_&_probability,0.1
gemma2-2b,15,0,1.0,baseline,greedy,all,geometry,0.1
gemma2-2b,15,1,1.0,openmath,greedy,all,geometry,0.1
gemma2-2b,32,4,1.0,baseline,greedy,all,intermediate_algebra,0.1
gemma2-2b,32,1,1.0,openmath,greedy,all,intermediate_algebra,0.1
gemma2-2b,24,4,1.0,baseline,greedy,all,number_theory,0.1
gemma2-2b,24,2,1.0,openmath,greedy,all,number_theory,0.1
gemma2-2b,28,6,1.0,baseline,greedy,all,prealgebra,0.1
gemma2-2b,28,3,1.0,openmath,greedy,all,prealgebra,0.1
gemma2-2b,31,2,1.0,baseline,greedy,all,precalculus,0.1
gemma2-2b,31,3,1.0,openmath,greedy,all,precalculus,0.1
gemma2-2b,171,27,1.0,baseline,greedy,all,all,0.2
gemma2-2b,171,21,1.0,openmath,greedy,all,all,0.2
gemma2-2b,16,10,1.0,baseline,greedy,1,all,0.2
gemma2-2b,16,7,1.0,openmath,greedy,1,all,0.2
gemma2-2b,32,6,1.0,baseline,greedy,2,all,0.2
gemma2-2b,32,5,1.0,openmath,greedy,2,all,0.2
gemma2-2b,40,7,1.0,baseline,greedy,3,all,0.2
gemma2-2b,40,3,1.0,openmath,greedy,3,all,0.2
gemma2-2b,38,3,1.0,baseline,greedy,4,all,0.2
gemma2-2b,38,4,1.0,openmath,greedy,4,all,0.2
gemma2-2b,45,1,1.0,baseline,greedy,5,all,0.2
gemma2-2b,45,2,1.0,openmath,greedy,5,all,0.2
gemma2-2b,44,13,1.0,baseline,greedy,all,algebra,0.2
gemma2-2b,44,12,1.0,openmath,greedy,all,algebra,0.2
gemma2-2b,16,1,1.0,baseline,greedy,all,counting_&_probability,0.2
gemma2-2b,16,1,1.0,openmath,greedy,all,counting_&_probability,0.2
gemma2-2b,14,0,1.0,baseline,greedy,all,geometry,0.2
gemma2-2b,14,0,1.0,openmath,greedy,all,geometry,0.2
gemma2-2b,29,3,1.0,baseline,greedy,all,intermediate_algebra,0.2
gemma2-2b,29,1,1.0,openmath,greedy,all,intermediate_algebra,0.2
gemma2-2b,19,3,1.0,baseline,greedy,all,number_theory,0.2
gemma2-2b,19,2,1.0,openmath,greedy,all,number_theory,0.2
gemma2-2b,23,5,1.0,baseline,greedy,all,prealgebra,0.2
gemma2-2b,23,2,1.0,openmath,greedy,all,prealgebra,0.2
gemma2-2b,26,2,1.0,baseline,greedy,all,precalculus,0.2
gemma2-2b,26,3,1.0,openmath,greedy,all,precalculus,0.2
gemma2-2b,151,27,1.0,baseline,greedy,all,all,0.3
gemma2-2b,151,20,1.0,openmath,greedy,all,all,0.3
gemma2-2b,14,10,1.0,baseline,greedy,1,all,0.3
gemma2-2b,14,7,1.0,openmath,greedy,1,all,0.3
gemma2-2b,28,6,1.0,baseline,greedy,2,all,0.3
gemma2-2b,28,5,1.0,openmath,greedy,2,all,0.3
gemma2-2b,37,7,1.0,baseline,greedy,3,all,0.3
gemma2-2b,37,3,1.0,openmath,greedy,3,all,0.3
gemma2-2b,33,3,1.0,baseline,greedy,4,all,0.3
gemma2-2b,33,3,1.0,openmath,greedy,4,all,0.3
gemma2-2b,39,1,1.0,baseline,greedy,5,all,0.3
gemma2-2b,39,2,1.0,openmath,greedy,5,all,0.3
gemma2-2b,39,13,1.0,baseline,greedy,all,algebra,0.3
gemma2-2b,39,11,1.0,openmath,greedy,all,algebra,0.3
gemma2-2b,14,1,1.0,baseline,greedy,all,counting_&_probability,0.3
gemma2-2b,14,1,1.0,openmath,greedy,all,counting_&_probability,0.3
gemma2-2b,12,0,1.0,baseline,greedy,all,geometry,0.3
gemma2-2b,12,0,1.0,openmath,greedy,all,geometry,0.3
gemma2-2b,22,3,1.0,baseline,greedy,all,intermediate_algebra,0.3
gemma2-2b,22,1,1.0,openmath,greedy,all,intermediate_algebra,0.3
gemma2-2b,18,3,1.0,baseline,greedy,all,number_theory,0.3
gemma2-2b,18,2,1.0,openmath,greedy,all,number_theory,0.3
gemma2-2b,22,5,1.0,baseline,greedy,all,prealgebra,0.3
gemma2-2b,22,2,1.0,openmath,greedy,all,prealgebra,0.3
gemma2-2b,24,2,1.0,baseline,greedy,all,precalculus,0.3
gemma2-2b,24,3,1.0,openmath,greedy,all,precalculus,0.3
gemma2-2b,134,26,1.0,baseline,greedy,all,all,0.4
gemma2-2b,134,18,1.0,openmath,greedy,all,all,0.4
gemma2-2b,14,10,1.0,baseline,greedy,1,all,0.4
gemma2-2b,14,7,1.0,openmath,greedy,1,all,0.4
gemma2-2b,25,5,1.0,baseline,greedy,2,all,0.4
gemma2-2b,25,4,1.0,openmath,greedy,2,all,0.4
gemma2-2b,33,7,1.0,baseline,greedy,3,all,0.4
gemma2-2b,33,2,1.0,openmath,greedy,3,all,0.4
gemma2-2b,27,3,1.0,baseline,greedy,4,all,0.4
gemma2-2b,27,3,1.0,openmath,greedy,4,all,0.4
gemma2-2b,35,1,1.0,baseline,greedy,5,all,0.4
gemma2-2b,35,2,1.0,openmath,greedy,5,all,0.4
gemma2-2b,33,13,1.0,baseline,greedy,all,algebra,0.4
gemma2-2b,33,10,1.0,openmath,greedy,all,algebra,0.4
gemma2-2b,11,1,1.0,baseline,greedy,all,counting_&_probability,0.4
gemma2-2b,11,1,1.0,openmath,greedy,all,counting_&_probability,0.4
gemma2-2b,10,0,1.0,baseline,greedy,all,geometry,0.4
gemma2-2b,10,0,1.0,openmath,greedy,all,geometry,0.4
gemma2-2b,20,3,1.0,baseline,greedy,all,intermediate_algebra,0.4
gemma2-2b,20,1,1.0,openmath,greedy,all,intermediate_algebra,0.4
gemma2-2b,18,3,1.0,baseline,greedy,all,number_theory,0.4
gemma2-2b,18,2,1.0,openmath,greedy,all,number_theory,0.4
gemma2-2b,21,4,1.0,baseline,greedy,all,prealgebra,0.4
gemma2-2b,21,1,1.0,openmath,greedy,all,prealgebra,0.4
gemma2-2b,21,2,1.0,baseline,greedy,all,precalculus,0.4
gemma2-2b,21,3,1.0,openmath,greedy,all,precalculus,0.4
gemma2-2b,121,22,1.0,baseline,greedy,all,all,0.5
gemma2-2b,121,16,1.0,openmath,greedy,all,all,0.5
gemma2-2b,14,10,1.0,baseline,greedy,1,all,0.5
gemma2-2b,14,7,1.0,openmath,greedy,1,all,0.5
gemma2-2b,22,4,1.0,baseline,greedy,2,all,0.5
gemma2-2b,22,3,1.0,openmath,greedy,2,all,0.5
gemma2-2b,31,6,1.0,baseline,greedy,3,all,0.5
gemma2-2b,31,2,1.0,openmath,greedy,3,all,0.5
gemma2-2b,24,2,1.0,baseline,greedy,4,all,0.5
gemma2-2b,24,3,1.0,openmath,greedy,4,all,0.5
gemma2-2b,30,0,1.0,baseline,greedy,5,all,0.5
gemma2-2b,30,1,1.0,openmath,greedy,5,all,0.5
gemma2-2b,28,10,1.0,baseline,greedy,all,algebra,0.5
gemma2-2b,28,8,1.0,openmath,greedy,all,algebra,0.5
gemma2-2b,10,1,1.0,baseline,greedy,all,counting_&_probability,0.5
gemma2-2b,10,1,1.0,openmath,greedy,all,counting_&_probability,0.5
gemma2-2b,6,0,1.0,baseline,greedy,all,geometry,0.5
gemma2-2b,6,0,1.0,openmath,greedy,all,geometry,0.5
gemma2-2b,20,3,1.0,baseline,greedy,all,intermediate_algebra,0.5
gemma2-2b,20,1,1.0,openmath,greedy,all,intermediate_algebra,0.5
gemma2-2b,17,2,1.0,baseline,greedy,all,number_theory,0.5
gemma2-2b,17,2,1.0,openmath,greedy,all,number_theory,0.5
gemma2-2b,19,4,1.0,baseline,greedy,all,prealgebra,0.5
gemma2-2b,19,1,1.0,openmath,greedy,all,prealgebra,0.5
gemma2-2b,21,2,1.0,baseline,greedy,all,precalculus,0.5
gemma2-2b,21,3,1.0,openmath,greedy,all,precalculus,0.5
gemma2-2b,115,22,1.0,baseline,greedy,all,all,0.6
gemma2-2b,115,15,1.0,openmath,greedy,all,all,0.6
gemma2-2b,13,10,1.0,baseline,greedy,1,all,0.6
gemma2-2b,13,6,1.0,openmath,greedy,1,all,0.6
gemma2-2b,21,4,1.0,baseline,greedy,2,all,0.6
gemma2-2b,21,3,1.0,openmath,greedy,2,all,0.6
gemma2-2b,30,6,1.0,baseline,greedy,3,all,0.6
gemma2-2b,30,2,1.0,openmath,greedy,3,all,0.6
gemma2-2b,23,2,1.0,baseline,greedy,4,all,0.6
gemma2-2b,23,3,1.0,openmath,greedy,4,all,0.6
gemma2-2b,28,0,1.0,baseline,greedy,5,all,0.6
gemma2-2b,28,1,1.0,openmath,greedy,5,all,0.6
gemma2-2b,27,10,1.0,baseline,greedy,all,algebra,0.6
gemma2-2b,27,8,1.0,openmath,greedy,all,algebra,0.6
gemma2-2b,9,1,1.0,baseline,greedy,all,counting_&_probability,0.6
gemma2-2b,9,0,1.0,openmath,greedy,all,counting_&_probability,0.6
gemma2-2b,5,0,1.0,baseline,greedy,all,geometry,0.6
gemma2-2b,5,0,1.0,openmath,greedy,all,geometry,0.6
gemma2-2b,19,3,1.0,baseline,greedy,all,intermediate_algebra,0.6
gemma2-2b,19,1,1.0,openmath,greedy,all,intermediate_algebra,0.6
gemma2-2b,16,2,1.0,baseline,greedy,all,number_theory,0.6
gemma2-2b,16,2,1.0,openmath,greedy,all,number_theory,0.6
gemma2-2b,19,4,1.0,baseline,greedy,all,prealgebra,0.6
gemma2-2b,19,1,1.0,openmath,greedy,all,prealgebra,0.6
gemma2-2b,20,2,1.0,baseline,greedy,all,precalculus,0.6
gemma2-2b,20,3,1.0,openmath,greedy,all,precalculus,0.6
gemma2-2b,105,22,1.0,baseline,greedy,all,all,0.7
gemma2-2b,105,14,1.0,openmath,greedy,all,all,0.7
gemma2-2b,13,10,1.0,baseline,greedy,1,all,0.7
gemma2-2b,13,6,1.0,openmath,greedy,1,all,0.7
gemma2-2b,19,4,1.0,baseline,greedy,2,all,0.7
gemma2-2b,19,3,1.0,openmath,greedy,2,all,0.7
gemma2-2b,25,6,1.0,baseline,greedy,3,all,0.7
gemma2-2b,25,2,1.0,openmath,greedy,3,all,0.7
gemma2-2b,22,2,1.0,baseline,greedy,4,all,0.7
gemma2-2b,22,2,1.0,openmath,greedy,4,all,0.7
gemma2-2b,26,0,1.0,baseline,greedy,5,all,0.7
gemma2-2b,26,1,1.0,openmath,greedy,5,all,0.7
gemma2-2b,24,10,1.0,baseline,greedy,all,algebra,0.7
gemma2-2b,24,8,1.0,openmath,greedy,all,algebra,0.7
gemma2-2b,9,1,1.0,baseline,greedy,all,counting_&_probability,0.7
gemma2-2b,9,0,1.0,openmath,greedy,all,counting_&_probability,0.7
gemma2-2b,4,0,1.0,baseline,greedy,all,geometry,0.7
gemma2-2b,4,0,1.0,openmath,greedy,all,geometry,0.7
gemma2-2b,17,3,1.0,baseline,greedy,all,intermediate_algebra,0.7
gemma2-2b,17,1,1.0,openmath,greedy,all,intermediate_algebra,0.7
gemma2-2b,15,2,1.0,baseline,greedy,all,number_theory,0.7
gemma2-2b,15,1,1.0,openmath,greedy,all,number_theory,0.7
gemma2-2b,18,4,1.0,baseline,greedy,all,prealgebra,0.7
gemma2-2b,18,1,1.0,openmath,greedy,all,prealgebra,0.7
gemma2-2b,18,2,1.0,baseline,greedy,all,precalculus,0.7
gemma2-2b,18,3,1.0,openmath,greedy,all,precalculus,0.7
gemma2-2b,89,20,1.0,baseline,greedy,all,all,0.8
gemma2-2b,89,13,1.0,openmath,greedy,all,all,0.8
gemma2-2b,11,8,1.0,baseline,greedy,1,all,0.8
gemma2-2b,11,5,1.0,openmath,greedy,1,all,0.8
gemma2-2b,18,4,1.0,baseline,greedy,2,all,0.8
gemma2-2b,18,3,1.0,openmath,greedy,2,all,0.8
gemma2-2b,22,6,1.0,baseline,greedy,3,all,0.8
gemma2-2b,22,2,1.0,openmath,greedy,3,all,0.8
gemma2-2b,19,2,1.0,baseline,greedy,4,all,0.8
gemma2-2b,19,2,1.0,openmath,greedy,4,all,0.8
gemma2-2b,19,0,1.0,baseline,greedy,5,all,0.8
gemma2-2b,19,1,1.0,openmath,greedy,5,all,0.8
gemma2-2b,19,9,1.0,baseline,greedy,all,algebra,0.8
gemma2-2b,19,8,1.0,openmath,greedy,all,algebra,0.8
gemma2-2b,9,1,1.0,baseline,greedy,all,counting_&_probability,0.8
gemma2-2b,9,0,1.0,openmath,greedy,all,counting_&_probability,0.8
gemma2-2b,4,0,1.0,baseline,greedy,all,geometry,0.8
gemma2-2b,4,0,1.0,openmath,greedy,all,geometry,0.8
gemma2-2b,15,2,1.0,baseline,greedy,all,intermediate_algebra,0.8
gemma2-2b,15,0,1.0,openmath,greedy,all,intermediate_algebra,0.8
gemma2-2b,12,2,1.0,baseline,greedy,all,number_theory,0.8
gemma2-2b,12,1,1.0,openmath,greedy,all,number_theory,0.8
gemma2-2b,16,4,1.0,baseline,greedy,all,prealgebra,0.8
gemma2-2b,16,1,1.0,openmath,greedy,all,prealgebra,0.8
gemma2-2b,14,2,1.0,baseline,greedy,all,precalculus,0.8
gemma2-2b,14,3,1.0,openmath,greedy,all,precalculus,0.8
gemma2-2b,75,14,1.0,baseline,greedy,all,all,0.9
gemma2-2b,75,10,1.0,openmath,greedy,all,all,0.9
gemma2-2b,8,5,1.0,baseline,greedy,1,all,0.9
gemma2-2b,8,3,1.0,openmath,greedy,1,all,0.9
gemma2-2b,16,2,1.0,baseline,greedy,2,all,0.9
gemma2-2b,16,3,1.0,openmath,greedy,2,all,0.9
gemma2-2b,19,5,1.0,baseline,greedy,3,all,0.9
gemma2-2b,19,2,1.0,openmath,greedy,3,all,0.9
gemma2-2b,18,2,1.0,baseline,greedy,4,all,0.9
gemma2-2b,18,2,1.0,openmath,greedy,4,all,0.9
gemma2-2b,14,0,1.0,baseline,greedy,5,all,0.9
gemma2-2b,14,0,1.0,openmath,greedy,5,all,0.9
gemma2-2b,15,6,1.0,baseline,greedy,all,algebra,0.9
gemma2-2b,15,5,1.0,openmath,greedy,all,algebra,0.9
gemma2-2b,9,1,1.0,baseline,greedy,all,counting_&_probability,0.9
gemma2-2b,9,0,1.0,openmath,greedy,all,counting_&_probability,0.9
gemma2-2b,3,0,1.0,baseline,greedy,all,geometry,0.9
gemma2-2b,3,0,1.0,openmath,greedy,all,geometry,0.9
gemma2-2b,15,2,1.0,baseline,greedy,all,intermediate_algebra,0.9
gemma2-2b,15,0,1.0,openmath,greedy,all,intermediate_algebra,0.9
gemma2-2b,9,2,1.0,baseline,greedy,all,number_theory,0.9
gemma2-2b,9,1,1.0,openmath,greedy,all,number_theory,0.9
gemma2-2b,13,2,1.0,baseline,greedy,all,prealgebra,0.9
gemma2-2b,13,1,1.0,openmath,greedy,all,prealgebra,0.9
gemma2-2b,11,1,1.0,baseline,greedy,all,precalculus,0.9
gemma2-2b,11,3,1.0,openmath,greedy,all,precalculus,0.9
gemma2-2b,500,116,4.34,baseline,best-of-n,all,all,0.0
gemma2-2b,500,124,4.28,openmath,best-of-n,all,all,0.0
gemma2-2b,43,22,3.33,baseline,best-of-n,1,all,0.0
gemma2-2b,43,23,3.16,openmath,best-of-n,1,all,0.0
gemma2-2b,90,37,3.79,baseline,best-of-n,2,all,0.0
gemma2-2b,90,40,3.64,openmath,best-of-n,2,all,0.0
gemma2-2b,105,33,4.13,baseline,best-of-n,3,all,0.0
gemma2-2b,105,34,4.08,openmath,best-of-n,3,all,0.0
gemma2-2b,128,16,4.67,baseline,best-of-n,4,all,0.0
gemma2-2b,128,21,4.6,openmath,best-of-n,4,all,0.0
gemma2-2b,134,8,4.87,baseline,best-of-n,5,all,0.0
gemma2-2b,134,6,4.91,openmath,best-of-n,5,all,0.0
gemma2-2b,124,39,4.04,baseline,best-of-n,all,algebra,0.0
gemma2-2b,124,52,3.7,openmath,best-of-n,all,algebra,0.0
gemma2-2b,38,7,4.58,baseline,best-of-n,all,counting_&_probability,0.0
gemma2-2b,38,6,4.58,openmath,best-of-n,all,counting_&_probability,0.0
gemma2-2b,41,7,4.68,baseline,best-of-n,all,geometry,0.0
gemma2-2b,41,5,4.66,openmath,best-of-n,all,geometry,0.0
gemma2-2b,97,8,4.8,baseline,best-of-n,all,intermediate_algebra,0.0
gemma2-2b,97,6,4.86,openmath,best-of-n,all,intermediate_algebra,0.0
gemma2-2b,62,21,4.03,baseline,best-of-n,all,number_theory,0.0
gemma2-2b,62,21,4.0,openmath,best-of-n,all,number_theory,0.0
gemma2-2b,82,29,3.89,baseline,best-of-n,all,prealgebra,0.0
gemma2-2b,82,28,4.06,openmath,best-of-n,all,prealgebra,0.0
gemma2-2b,56,5,4.77,baseline,best-of-n,all,precalculus,0.0
gemma2-2b,56,6,4.7,openmath,best-of-n,all,precalculus,0.0
gemma2-2b,201,59,4.17,baseline,best-of-n,all,all,0.1
gemma2-2b,201,65,4.03,openmath,best-of-n,all,all,0.1
gemma2-2b,19,12,2.79,baseline,best-of-n,1,all,0.1
gemma2-2b,19,11,2.95,openmath,best-of-n,1,all,0.1
gemma2-2b,39,15,4.03,baseline,best-of-n,2,all,0.1
gemma2-2b,39,17,3.64,openmath,best-of-n,2,all,0.1
gemma2-2b,52,19,3.96,baseline,best-of-n,3,all,0.1
gemma2-2b,52,21,3.75,openmath,best-of-n,3,all,0.1
gemma2-2b,43,9,4.49,baseline,best-of-n,4,all,0.1
gemma2-2b,43,13,4.33,openmath,best-of-n,4,all,0.1
gemma2-2b,48,4,4.79,baseline,best-of-n,5,all,0.1
gemma2-2b,48,3,4.83,openmath,best-of-n,5,all,0.1
gemma2-2b,52,21,3.63,baseline,best-of-n,all,algebra,0.1
gemma2-2b,52,29,3.19,openmath,best-of-n,all,algebra,0.1
gemma2-2b,19,5,4.37,baseline,best-of-n,all,counting_&_probability,0.1
gemma2-2b,19,6,4.16,openmath,best-of-n,all,counting_&_probability,0.1
gemma2-2b,15,4,4.67,baseline,best-of-n,all,geometry,0.1
gemma2-2b,15,1,4.73,openmath,best-of-n,all,geometry,0.1
gemma2-2b,32,4,4.62,baseline,best-of-n,all,intermediate_algebra,0.1
gemma2-2b,32,5,4.66,openmath,best-of-n,all,intermediate_algebra,0.1
gemma2-2b,24,13,3.75,baseline,best-of-n,all,number_theory,0.1
gemma2-2b,24,10,3.96,openmath,best-of-n,all,number_theory,0.1
gemma2-2b,28,11,3.86,baseline,best-of-n,all,prealgebra,0.1
gemma2-2b,28,11,3.82,openmath,best-of-n,all,prealgebra,0.1
gemma2-2b,31,1,4.87,baseline,best-of-n,all,precalculus,0.1
gemma2-2b,31,3,4.65,openmath,best-of-n,all,precalculus,0.1
gemma2-2b,171,44,4.26,baseline,best-of-n,all,all,0.2
gemma2-2b,171,53,4.1,openmath,best-of-n,all,all,0.2
gemma2-2b,16,9,2.94,baseline,best-of-n,1,all,0.2
gemma2-2b,16,9,3.0,openmath,best-of-n,1,all,0.2
gemma2-2b,32,10,4.16,baseline,best-of-n,2,all,0.2
gemma2-2b,32,12,3.88,openmath,best-of-n,2,all,0.2
gemma2-2b,40,13,4.12,baseline,best-of-n,3,all,0.2
gemma2-2b,40,17,3.75,openmath,best-of-n,3,all,0.2
gemma2-2b,38,8,4.42,baseline,best-of-n,4,all,0.2
gemma2-2b,38,12,4.26,openmath,best-of-n,4,all,0.2
gemma2-2b,45,4,4.78,baseline,best-of-n,5,all,0.2
gemma2-2b,45,3,4.82,openmath,best-of-n,5,all,0.2
gemma2-2b,44,15,3.86,baseline,best-of-n,all,algebra,0.2
gemma2-2b,44,23,3.34,openmath,best-of-n,all,algebra,0.2
gemma2-2b,16,4,4.25,baseline,best-of-n,all,counting_&_probability,0.2
gemma2-2b,16,5,4.25,openmath,best-of-n,all,counting_&_probability,0.2
gemma2-2b,14,3,4.79,baseline,best-of-n,all,geometry,0.2
gemma2-2b,14,1,4.71,openmath,best-of-n,all,geometry,0.2
gemma2-2b,29,3,4.62,baseline,best-of-n,all,intermediate_algebra,0.2
gemma2-2b,29,4,4.72,openmath,best-of-n,all,intermediate_algebra,0.2
gemma2-2b,19,10,3.79,baseline,best-of-n,all,number_theory,0.2
gemma2-2b,19,8,4.05,openmath,best-of-n,all,number_theory,0.2
gemma2-2b,23,8,3.96,baseline,best-of-n,all,prealgebra,0.2
gemma2-2b,23,9,3.78,openmath,best-of-n,all,prealgebra,0.2
gemma2-2b,26,1,4.85,baseline,best-of-n,all,precalculus,0.2
gemma2-2b,26,3,4.58,openmath,best-of-n,all,precalculus,0.2
gemma2-2b,151,41,4.23,baseline,best-of-n,all,all,0.3
gemma2-2b,151,48,4.09,openmath,best-of-n,all,all,0.3
gemma2-2b,14,9,2.64,baseline,best-of-n,1,all,0.3
gemma2-2b,14,8,3.0,openmath,best-of-n,1,all,0.3
gemma2-2b,28,10,4.04,baseline,best-of-n,2,all,0.3
gemma2-2b,28,11,3.79,openmath,best-of-n,2,all,0.3
gemma2-2b,37,12,4.14,baseline,best-of-n,3,all,0.3
gemma2-2b,37,15,3.84,openmath,best-of-n,3,all,0.3
gemma2-2b,33,7,4.42,baseline,best-of-n,4,all,0.3
gemma2-2b,33,11,4.27,openmath,best-of-n,4,all,0.3
gemma2-2b,39,3,4.85,baseline,best-of-n,5,all,0.3
gemma2-2b,39,3,4.79,openmath,best-of-n,5,all,0.3
gemma2-2b,39,14,3.79,baseline,best-of-n,all,algebra,0.3
gemma2-2b,39,20,3.44,openmath,best-of-n,all,algebra,0.3
gemma2-2b,14,4,4.14,baseline,best-of-n,all,counting_&_probability,0.3
gemma2-2b,14,4,4.29,openmath,best-of-n,all,counting_&_probability,0.3
gemma2-2b,12,3,4.75,baseline,best-of-n,all,geometry,0.3
gemma2-2b,12,1,4.67,openmath,best-of-n,all,geometry,0.3
gemma2-2b,22,3,4.5,baseline,best-of-n,all,intermediate_algebra,0.3
gemma2-2b,22,4,4.64,openmath,best-of-n,all,intermediate_algebra,0.3
gemma2-2b,18,9,3.94,baseline,best-of-n,all,number_theory,0.3
gemma2-2b,18,8,4.0,openmath,best-of-n,all,number_theory,0.3
gemma2-2b,22,7,4.05,baseline,best-of-n,all,prealgebra,0.3
gemma2-2b,22,8,3.86,openmath,best-of-n,all,prealgebra,0.3
gemma2-2b,24,1,4.83,baseline,best-of-n,all,precalculus,0.3
gemma2-2b,24,3,4.54,openmath,best-of-n,all,precalculus,0.3
gemma2-2b,134,37,4.19,baseline,best-of-n,all,all,0.4
gemma2-2b,134,46,4.01,openmath,best-of-n,all,all,0.4
gemma2-2b,14,9,2.64,baseline,best-of-n,1,all,0.4
gemma2-2b,14,8,3.0,openmath,best-of-n,1,all,0.4
gemma2-2b,25,7,4.16,baseline,best-of-n,2,all,0.4
gemma2-2b,25,10,3.8,openmath,best-of-n,2,all,0.4
gemma2-2b,33,12,4.03,baseline,best-of-n,3,all,0.4
gemma2-2b,33,15,3.7,openmath,best-of-n,3,all,0.4
gemma2-2b,27,6,4.41,baseline,best-of-n,4,all,0.4
gemma2-2b,27,10,4.15,openmath,best-of-n,4,all,0.4
gemma2-2b,35,3,4.83,baseline,best-of-n,5,all,0.4
gemma2-2b,35,3,4.77,openmath,best-of-n,5,all,0.4
gemma2-2b,33,13,3.67,baseline,best-of-n,all,algebra,0.4
gemma2-2b,33,19,3.18,openmath,best-of-n,all,algebra,0.4
gemma2-2b,11,4,3.91,baseline,best-of-n,all,counting_&_probability,0.4
gemma2-2b,11,4,4.09,openmath,best-of-n,all,counting_&_probability,0.4
gemma2-2b,10,2,4.7,baseline,best-of-n,all,geometry,0.4
gemma2-2b,10,1,4.6,openmath,best-of-n,all,geometry,0.4
gemma2-2b,20,2,4.6,baseline,best-of-n,all,intermediate_algebra,0.4
gemma2-2b,20,4,4.6,openmath,best-of-n,all,intermediate_algebra,0.4
gemma2-2b,18,9,3.94,baseline,best-of-n,all,number_theory,0.4
gemma2-2b,18,8,4.0,openmath,best-of-n,all,number_theory,0.4
gemma2-2b,21,6,4.14,baseline,best-of-n,all,prealgebra,0.4
gemma2-2b,21,7,4.0,openmath,best-of-n,all,prealgebra,0.4
gemma2-2b,21,1,4.81,baseline,best-of-n,all,precalculus,0.4
gemma2-2b,21,3,4.48,openmath,best-of-n,all,precalculus,0.4
gemma2-2b,121,33,4.21,baseline,best-of-n,all,all,0.5
gemma2-2b,121,41,4.03,openmath,best-of-n,all,all,0.5
gemma2-2b,14,9,2.64,baseline,best-of-n,1,all,0.5
gemma2-2b,14,8,3.0,openmath,best-of-n,1,all,0.5
gemma2-2b,22,6,4.23,baseline,best-of-n,2,all,0.5
gemma2-2b,22,9,3.82,openmath,best-of-n,2,all,0.5
gemma2-2b,31,11,4.1,baseline,best-of-n,3,all,0.5
gemma2-2b,31,14,3.74,openmath,best-of-n,3,all,0.5
gemma2-2b,24,6,4.33,baseline,best-of-n,4,all,0.5
gemma2-2b,24,9,4.17,openmath,best-of-n,4,all,0.5
gemma2-2b,30,1,4.97,baseline,best-of-n,5,all,0.5
gemma2-2b,30,1,4.87,openmath,best-of-n,5,all,0.5
gemma2-2b,28,10,3.82,baseline,best-of-n,all,algebra,0.5
gemma2-2b,28,16,3.18,openmath,best-of-n,all,algebra,0.5
gemma2-2b,10,4,3.8,baseline,best-of-n,all,counting_&_probability,0.5
gemma2-2b,10,4,4.0,openmath,best-of-n,all,counting_&_probability,0.5
gemma2-2b,6,2,4.5,baseline,best-of-n,all,geometry,0.5
gemma2-2b,6,1,4.33,openmath,best-of-n,all,geometry,0.5
gemma2-2b,20,2,4.6,baseline,best-of-n,all,intermediate_algebra,0.5
gemma2-2b,20,4,4.6,openmath,best-of-n,all,intermediate_algebra,0.5
gemma2-2b,17,9,3.88,baseline,best-of-n,all,number_theory,0.5
gemma2-2b,17,7,4.12,openmath,best-of-n,all,number_theory,0.5
gemma2-2b,19,5,4.16,baseline,best-of-n,all,prealgebra,0.5
gemma2-2b,19,6,4.05,openmath,best-of-n,all,prealgebra,0.5
gemma2-2b,21,1,4.81,baseline,best-of-n,all,precalculus,0.5
gemma2-2b,21,3,4.48,openmath,best-of-n,all,precalculus,0.5
gemma2-2b,115,33,4.17,baseline,best-of-n,all,all,0.6
gemma2-2b,115,40,4.0,openmath,best-of-n,all,all,0.6
gemma2-2b,13,9,2.46,baseline,best-of-n,1,all,0.6
gemma2-2b,13,8,2.85,openmath,best-of-n,1,all,0.6
gemma2-2b,21,6,4.19,baseline,best-of-n,2,all,0.6
gemma2-2b,21,9,3.76,openmath,best-of-n,2,all,0.6
gemma2-2b,30,11,4.07,baseline,best-of-n,3,all,0.6
gemma2-2b,30,14,3.7,openmath,best-of-n,3,all,0.6
gemma2-2b,23,6,4.3,baseline,best-of-n,4,all,0.6
gemma2-2b,23,8,4.22,openmath,best-of-n,4,all,0.6
gemma2-2b,28,1,4.96,baseline,best-of-n,5,all,0.6
gemma2-2b,28,1,4.86,openmath,best-of-n,5,all,0.6
gemma2-2b,27,10,3.78,baseline,best-of-n,all,algebra,0.6
gemma2-2b,27,15,3.19,openmath,best-of-n,all,algebra,0.6
gemma2-2b,9,4,3.67,baseline,best-of-n,all,counting_&_probability,0.6
gemma2-2b,9,4,3.89,openmath,best-of-n,all,counting_&_probability,0.6
gemma2-2b,5,2,4.4,baseline,best-of-n,all,geometry,0.6
gemma2-2b,5,1,4.2,openmath,best-of-n,all,geometry,0.6
gemma2-2b,19,2,4.58,baseline,best-of-n,all,intermediate_algebra,0.6
gemma2-2b,19,4,4.58,openmath,best-of-n,all,intermediate_algebra,0.6
gemma2-2b,16,9,3.81,baseline,best-of-n,all,number_theory,0.6
gemma2-2b,16,7,4.06,openmath,best-of-n,all,number_theory,0.6
gemma2-2b,19,5,4.16,baseline,best-of-n,all,prealgebra,0.6
gemma2-2b,19,6,4.05,openmath,best-of-n,all,prealgebra,0.6
gemma2-2b,20,1,4.8,baseline,best-of-n,all,precalculus,0.6
gemma2-2b,20,3,4.45,openmath,best-of-n,all,precalculus,0.6
gemma2-2b,105,31,4.11,baseline,best-of-n,all,all,0.7
gemma2-2b,105,39,3.94,openmath,best-of-n,all,all,0.7
gemma2-2b,13,9,2.46,baseline,best-of-n,1,all,0.7
gemma2-2b,13,8,2.85,openmath,best-of-n,1,all,0.7
gemma2-2b,19,6,4.11,baseline,best-of-n,2,all,0.7
gemma2-2b,19,8,3.84,openmath,best-of-n,2,all,0.7
gemma2-2b,25,10,3.92,baseline,best-of-n,3,all,0.7
gemma2-2b,25,14,3.44,openmath,best-of-n,3,all,0.7
gemma2-2b,22,5,4.32,baseline,best-of-n,4,all,0.7
gemma2-2b,22,8,4.18,openmath,best-of-n,4,all,0.7
gemma2-2b,26,1,4.96,baseline,best-of-n,5,all,0.7
gemma2-2b,26,1,4.85,openmath,best-of-n,5,all,0.7
gemma2-2b,24,10,3.62,baseline,best-of-n,all,algebra,0.7
gemma2-2b,24,14,3.12,openmath,best-of-n,all,algebra,0.7
gemma2-2b,9,4,3.67,baseline,best-of-n,all,counting_&_probability,0.7
gemma2-2b,9,4,3.89,openmath,best-of-n,all,counting_&_probability,0.7
gemma2-2b,4,1,4.5,baseline,best-of-n,all,geometry,0.7
gemma2-2b,4,1,4.0,openmath,best-of-n,all,geometry,0.7
gemma2-2b,17,2,4.53,baseline,best-of-n,all,intermediate_algebra,0.7
gemma2-2b,17,4,4.53,openmath,best-of-n,all,intermediate_algebra,0.7
gemma2-2b,15,8,3.8,baseline,best-of-n,all,number_theory,0.7
gemma2-2b,15,7,4.0,openmath,best-of-n,all,number_theory,0.7
gemma2-2b,18,5,4.11,baseline,best-of-n,all,prealgebra,0.7
gemma2-2b,18,6,4.0,openmath,best-of-n,all,prealgebra,0.7
gemma2-2b,18,1,4.78,baseline,best-of-n,all,precalculus,0.7
gemma2-2b,18,3,4.39,openmath,best-of-n,all,precalculus,0.7
gemma2-2b,89,29,4.01,baseline,best-of-n,all,all,0.8
gemma2-2b,89,34,3.91,openmath,best-of-n,all,all,0.8
gemma2-2b,11,8,2.36,baseline,best-of-n,1,all,0.8
gemma2-2b,11,7,2.82,openmath,best-of-n,1,all,0.8
gemma2-2b,18,6,4.06,baseline,best-of-n,2,all,0.8
gemma2-2b,18,8,3.78,openmath,best-of-n,2,all,0.8
gemma2-2b,22,10,3.77,baseline,best-of-n,3,all,0.8
gemma2-2b,22,12,3.32,openmath,best-of-n,3,all,0.8
gemma2-2b,19,5,4.21,baseline,best-of-n,4,all,0.8
gemma2-2b,19,7,4.26,openmath,best-of-n,4,all,0.8
gemma2-2b,19,0,5.0,baseline,best-of-n,5,all,0.8
gemma2-2b,19,0,5.0,openmath,best-of-n,5,all,0.8
gemma2-2b,19,10,3.26,baseline,best-of-n,all,algebra,0.8
gemma2-2b,19,11,2.95,openmath,best-of-n,all,algebra,0.8
gemma2-2b,9,4,3.67,baseline,best-of-n,all,counting_&_probability,0.8
gemma2-2b,9,4,3.89,openmath,best-of-n,all,counting_&_probability,0.8
gemma2-2b,4,1,4.5,baseline,best-of-n,all,geometry,0.8
gemma2-2b,4,1,4.0,openmath,best-of-n,all,geometry,0.8
gemma2-2b,15,1,4.73,baseline,best-of-n,all,intermediate_algebra,0.8
gemma2-2b,15,3,4.73,openmath,best-of-n,all,intermediate_algebra,0.8
gemma2-2b,12,7,3.58,baseline,best-of-n,all,number_theory,0.8
gemma2-2b,12,6,4.08,openmath,best-of-n,all,number_theory,0.8
gemma2-2b,16,5,4.0,baseline,best-of-n,all,prealgebra,0.8
gemma2-2b,16,6,3.88,openmath,best-of-n,all,prealgebra,0.8
gemma2-2b,14,1,4.71,baseline,best-of-n,all,precalculus,0.8
gemma2-2b,14,3,4.21,openmath,best-of-n,all,precalculus,0.8
gemma2-2b,75,23,4.09,baseline,best-of-n,all,all,0.9
gemma2-2b,75,28,3.96,openmath,best-of-n,all,all,0.9
gemma2-2b,8,5,2.88,baseline,best-of-n,1,all,0.9
gemma2-2b,8,4,3.12,openmath,best-of-n,1,all,0.9
gemma2-2b,16,5,4.19,baseline,best-of-n,2,all,0.9
gemma2-2b,16,7,3.88,openmath,best-of-n,2,all,0.9
gemma2-2b,19,8,3.79,baseline,best-of-n,3,all,0.9
gemma2-2b,19,10,3.37,openmath,best-of-n,3,all,0.9
gemma2-2b,18,5,4.17,baseline,best-of-n,4,all,0.9
gemma2-2b,18,7,4.22,openmath,best-of-n,4,all,0.9
gemma2-2b,14,0,5.0,baseline,best-of-n,5,all,0.9
gemma2-2b,14,0,5.0,openmath,best-of-n,5,all,0.9
gemma2-2b,15,7,3.6,baseline,best-of-n,all,algebra,0.9
gemma2-2b,15,8,3.13,openmath,best-of-n,all,algebra,0.9
gemma2-2b,9,4,3.67,baseline,best-of-n,all,counting_&_probability,0.9
gemma2-2b,9,4,3.89,openmath,best-of-n,all,counting_&_probability,0.9
gemma2-2b,3,1,4.33,baseline,best-of-n,all,geometry,0.9
gemma2-2b,3,1,3.67,openmath,best-of-n,all,geometry,0.9
gemma2-2b,15,1,4.73,baseline,best-of-n,all,intermediate_algebra,0.9
gemma2-2b,15,3,4.73,openmath,best-of-n,all,intermediate_algebra,0.9
gemma2-2b,9,6,3.11,baseline,best-of-n,all,number_theory,0.9
gemma2-2b,9,5,4.0,openmath,best-of-n,all,number_theory,0.9
gemma2-2b,13,3,4.38,baseline,best-of-n,all,prealgebra,0.9
gemma2-2b,13,4,4.08,openmath,best-of-n,all,prealgebra,0.9
gemma2-2b,11,1,4.64,baseline,best-of-n,all,precalculus,0.9
gemma2-2b,11,3,4.0,openmath,best-of-n,all,precalculus,0.9
gemma2-9b,500,181,1.0,baseline,greedy,all,all,0.0
gemma2-9b,500,179,1.0,openmath,greedy,all,all,0.0
gemma2-9b,43,26,1.0,baseline,greedy,1,all,0.0
gemma2-9b,43,29,1.0,openmath,greedy,1,all,0.0
gemma2-9b,90,49,1.0,baseline,greedy,2,all,0.0
gemma2-9b,90,49,1.0,openmath,greedy,2,all,0.0
gemma2-9b,105,50,1.0,baseline,greedy,3,all,0.0
gemma2-9b,105,50,1.0,openmath,greedy,3,all,0.0
gemma2-9b,128,35,1.0,baseline,greedy,4,all,0.0
gemma2-9b,128,34,1.0,openmath,greedy,4,all,0.0
gemma2-9b,134,21,1.0,baseline,greedy,5,all,0.0
gemma2-9b,134,17,1.0,openmath,greedy,5,all,0.0
gemma2-9b,124,72,1.0,baseline,greedy,all,algebra,0.0
gemma2-9b,124,66,1.0,openmath,greedy,all,algebra,0.0
gemma2-9b,38,12,1.0,baseline,greedy,all,counting_&_probability,0.0
gemma2-9b,38,11,1.0,openmath,greedy,all,counting_&_probability,0.0
gemma2-9b,41,9,1.0,baseline,greedy,all,geometry,0.0
gemma2-9b,41,8,1.0,openmath,greedy,all,geometry,0.0
gemma2-9b,97,15,1.0,baseline,greedy,all,intermediate_algebra,0.0
gemma2-9b,97,18,1.0,openmath,greedy,all,intermediate_algebra,0.0
gemma2-9b,62,27,1.0,baseline,greedy,all,number_theory,0.0
gemma2-9b,62,28,1.0,openmath,greedy,all,number_theory,0.0
gemma2-9b,82,38,1.0,baseline,greedy,all,prealgebra,0.0
gemma2-9b,82,36,1.0,openmath,greedy,all,prealgebra,0.0
gemma2-9b,56,8,1.0,baseline,greedy,all,precalculus,0.0
gemma2-9b,56,12,1.0,openmath,greedy,all,precalculus,0.0
gemma2-9b,201,85,1.0,baseline,greedy,all,all,0.1
gemma2-9b,201,78,1.0,openmath,greedy,all,all,0.1
gemma2-9b,19,13,1.0,baseline,greedy,1,all,0.1
gemma2-9b,19,15,1.0,openmath,greedy,1,all,0.1
gemma2-9b,39,21,1.0,baseline,greedy,2,all,0.1
gemma2-9b,39,22,1.0,openmath,greedy,2,all,0.1
gemma2-9b,52,25,1.0,baseline,greedy,3,all,0.1
gemma2-9b,52,23,1.0,openmath,greedy,3,all,0.1
gemma2-9b,43,16,1.0,baseline,greedy,4,all,0.1
gemma2-9b,43,11,1.0,openmath,greedy,4,all,0.1
gemma2-9b,48,10,1.0,baseline,greedy,5,all,0.1
gemma2-9b,48,7,1.0,openmath,greedy,5,all,0.1
gemma2-9b,52,32,1.0,baseline,greedy,all,algebra,0.1
gemma2-9b,52,29,1.0,openmath,greedy,all,algebra,0.1
gemma2-9b,19,8,1.0,baseline,greedy,all,counting_&_probability,0.1
gemma2-9b,19,7,1.0,openmath,greedy,all,counting_&_probability,0.1
gemma2-9b,15,3,1.0,baseline,greedy,all,geometry,0.1
gemma2-9b,15,2,1.0,openmath,greedy,all,geometry,0.1
gemma2-9b,32,9,1.0,baseline,greedy,all,intermediate_algebra,0.1
gemma2-9b,32,10,1.0,openmath,greedy,all,intermediate_algebra,0.1
gemma2-9b,24,11,1.0,baseline,greedy,all,number_theory,0.1
gemma2-9b,24,9,1.0,openmath,greedy,all,number_theory,0.1
gemma2-9b,28,17,1.0,baseline,greedy,all,prealgebra,0.1
gemma2-9b,28,15,1.0,openmath,greedy,all,prealgebra,0.1
gemma2-9b,31,5,1.0,baseline,greedy,all,precalculus,0.1
gemma2-9b,31,6,1.0,openmath,greedy,all,precalculus,0.1
gemma2-9b,171,71,1.0,baseline,greedy,all,all,0.2
gemma2-9b,171,64,1.0,openmath,greedy,all,all,0.2
gemma2-9b,16,11,1.0,baseline,greedy,1,all,0.2
gemma2-9b,16,13,1.0,openmath,greedy,1,all,0.2
gemma2-9b,32,18,1.0,baseline,greedy,2,all,0.2
gemma2-9b,32,18,1.0,openmath,greedy,2,all,0.2
gemma2-9b,40,17,1.0,baseline,greedy,3,all,0.2
gemma2-9b,40,16,1.0,openmath,greedy,3,all,0.2
gemma2-9b,38,15,1.0,baseline,greedy,4,all,0.2
gemma2-9b,38,10,1.0,openmath,greedy,4,all,0.2
gemma2-9b,45,10,1.0,baseline,greedy,5,all,0.2
gemma2-9b,45,7,1.0,openmath,greedy,5,all,0.2
gemma2-9b,44,27,1.0,baseline,greedy,all,algebra,0.2
gemma2-9b,44,23,1.0,openmath,greedy,all,algebra,0.2
gemma2-9b,16,7,1.0,baseline,greedy,all,counting_&_probability,0.2
gemma2-9b,16,6,1.0,openmath,greedy,all,counting_&_probability,0.2
gemma2-9b,14,3,1.0,baseline,greedy,all,geometry,0.2
gemma2-9b,14,2,1.0,openmath,greedy,all,geometry,0.2
gemma2-9b,29,8,1.0,baseline,greedy,all,intermediate_algebra,0.2
gemma2-9b,29,8,1.0,openmath,greedy,all,intermediate_algebra,0.2
gemma2-9b,19,9,1.0,baseline,greedy,all,number_theory,0.2
gemma2-9b,19,7,1.0,openmath,greedy,all,number_theory,0.2
gemma2-9b,23,14,1.0,baseline,greedy,all,prealgebra,0.2
gemma2-9b,23,12,1.0,openmath,greedy,all,prealgebra,0.2
gemma2-9b,26,3,1.0,baseline,greedy,all,precalculus,0.2
gemma2-9b,26,6,1.0,openmath,greedy,all,precalculus,0.2
gemma2-9b,151,64,1.0,baseline,greedy,all,all,0.3
gemma2-9b,151,61,1.0,openmath,greedy,all,all,0.3
gemma2-9b,14,10,1.0,baseline,greedy,1,all,0.3
gemma2-9b,14,13,1.0,openmath,greedy,1,all,0.3
gemma2-9b,28,16,1.0,baseline,greedy,2,all,0.3
gemma2-9b,28,17,1.0,openmath,greedy,2,all,0.3
gemma2-9b,37,15,1.0,baseline,greedy,3,all,0.3
gemma2-9b,37,15,1.0,openmath,greedy,3,all,0.3
gemma2-9b,33,13,1.0,baseline,greedy,4,all,0.3
gemma2-9b,33,9,1.0,openmath,greedy,4,all,0.3
gemma2-9b,39,10,1.0,baseline,greedy,5,all,0.3
gemma2-9b,39,7,1.0,openmath,greedy,5,all,0.3
gemma2-9b,39,23,1.0,baseline,greedy,all,algebra,0.3
gemma2-9b,39,21,1.0,openmath,greedy,all,algebra,0.3
gemma2-9b,14,6,1.0,baseline,greedy,all,counting_&_probability,0.3
gemma2-9b,14,5,1.0,openmath,greedy,all,counting_&_probability,0.3
gemma2-9b,12,2,1.0,baseline,greedy,all,geometry,0.3
gemma2-9b,12,2,1.0,openmath,greedy,all,geometry,0.3
gemma2-9b,22,8,1.0,baseline,greedy,all,intermediate_algebra,0.3
gemma2-9b,22,8,1.0,openmath,greedy,all,intermediate_algebra,0.3
gemma2-9b,18,9,1.0,baseline,greedy,all,number_theory,0.3
gemma2-9b,18,7,1.0,openmath,greedy,all,number_theory,0.3
gemma2-9b,22,13,1.0,baseline,greedy,all,prealgebra,0.3
gemma2-9b,22,12,1.0,openmath,greedy,all,prealgebra,0.3
gemma2-9b,24,3,1.0,baseline,greedy,all,precalculus,0.3
gemma2-9b,24,6,1.0,openmath,greedy,all,precalculus,0.3
gemma2-9b,134,57,1.0,baseline,greedy,all,all,0.4
gemma2-9b,134,56,1.0,openmath,greedy,all,all,0.4
gemma2-9b,14,10,1.0,baseline,greedy,1,all,0.4
gemma2-9b,14,13,1.0,openmath,greedy,1,all,0.4
gemma2-9b,25,13,1.0,baseline,greedy,2,all,0.4
gemma2-9b,25,15,1.0,openmath,greedy,2,all,0.4
gemma2-9b,33,15,1.0,baseline,greedy,3,all,0.4
gemma2-9b,33,15,1.0,openmath,greedy,3,all,0.4
gemma2-9b,27,11,1.0,baseline,greedy,4,all,0.4
gemma2-9b,27,7,1.0,openmath,greedy,4,all,0.4
gemma2-9b,35,8,1.0,baseline,greedy,5,all,0.4
gemma2-9b,35,6,1.0,openmath,greedy,5,all,0.4
gemma2-9b,33,20,1.0,baseline,greedy,all,algebra,0.4
gemma2-9b,33,19,1.0,openmath,greedy,all,algebra,0.4
gemma2-9b,11,5,1.0,baseline,greedy,all,counting_&_probability,0.4
gemma2-9b,11,4,1.0,openmath,greedy,all,counting_&_probability,0.4
gemma2-9b,10,1,1.0,baseline,greedy,all,geometry,0.4
gemma2-9b,10,2,1.0,openmath,greedy,all,geometry,0.4
gemma2-9b,20,7,1.0,baseline,greedy,all,intermediate_algebra,0.4
gemma2-9b,20,7,1.0,openmath,greedy,all,intermediate_algebra,0.4
gemma2-9b,18,9,1.0,baseline,greedy,all,number_theory,0.4
gemma2-9b,18,7,1.0,openmath,greedy,all,number_theory,0.4
gemma2-9b,21,12,1.0,baseline,greedy,all,prealgebra,0.4
gemma2-9b,21,11,1.0,openmath,greedy,all,prealgebra,0.4
gemma2-9b,21,3,1.0,baseline,greedy,all,precalculus,0.4
gemma2-9b,21,6,1.0,openmath,greedy,all,precalculus,0.4
gemma2-9b,121,50,1.0,baseline,greedy,all,all,0.5
gemma2-9b,121,51,1.0,openmath,greedy,all,all,0.5
gemma2-9b,14,10,1.0,baseline,greedy,1,all,0.5
gemma2-9b,14,13,1.0,openmath,greedy,1,all,0.5
gemma2-9b,22,11,1.0,baseline,greedy,2,all,0.5
gemma2-9b,22,14,1.0,openmath,greedy,2,all,0.5
gemma2-9b,31,14,1.0,baseline,greedy,3,all,0.5
gemma2-9b,31,14,1.0,openmath,greedy,3,all,0.5
gemma2-9b,24,9,1.0,baseline,greedy,4,all,0.5
gemma2-9b,24,6,1.0,openmath,greedy,4,all,0.5
gemma2-9b,30,6,1.0,baseline,greedy,5,all,0.5
gemma2-9b,30,4,1.0,openmath,greedy,5,all,0.5
gemma2-9b,28,16,1.0,baseline,greedy,all,algebra,0.5
gemma2-9b,28,15,1.0,openmath,greedy,all,algebra,0.5
gemma2-9b,10,5,1.0,baseline,greedy,all,counting_&_probability,0.5
gemma2-9b,10,4,1.0,openmath,greedy,all,counting_&_probability,0.5
gemma2-9b,6,1,1.0,baseline,greedy,all,geometry,0.5
gemma2-9b,6,2,1.0,openmath,greedy,all,geometry,0.5
gemma2-9b,20,7,1.0,baseline,greedy,all,intermediate_algebra,0.5
gemma2-9b,20,7,1.0,openmath,greedy,all,intermediate_algebra,0.5
gemma2-9b,17,8,1.0,baseline,greedy,all,number_theory,0.5
gemma2-9b,17,7,1.0,openmath,greedy,all,number_theory,0.5
gemma2-9b,19,10,1.0,baseline,greedy,all,prealgebra,0.5
gemma2-9b,19,10,1.0,openmath,greedy,all,prealgebra,0.5
gemma2-9b,21,3,1.0,baseline,greedy,all,precalculus,0.5
gemma2-9b,21,6,1.0,openmath,greedy,all,precalculus,0.5
gemma2-9b,115,48,1.0,baseline,greedy,all,all,0.6
gemma2-9b,115,48,1.0,openmath,greedy,all,all,0.6
gemma2-9b,13,9,1.0,baseline,greedy,1,all,0.6
gemma2-9b,13,12,1.0,openmath,greedy,1,all,0.6
gemma2-9b,21,11,1.0,baseline,greedy,2,all,0.6
gemma2-9b,21,14,1.0,openmath,greedy,2,all,0.6
gemma2-9b,30,13,1.0,baseline,greedy,3,all,0.6
gemma2-9b,30,13,1.0,openmath,greedy,3,all,0.6
gemma2-9b,23,9,1.0,baseline,greedy,4,all,0.6
gemma2-9b,23,5,1.0,openmath,greedy,4,all,0.6
gemma2-9b,28,6,1.0,baseline,greedy,5,all,0.6
gemma2-9b,28,4,1.0,openmath,greedy,5,all,0.6
gemma2-9b,27,16,1.0,baseline,greedy,all,algebra,0.6
gemma2-9b,27,14,1.0,openmath,greedy,all,algebra,0.6
gemma2-9b,9,4,1.0,baseline,greedy,all,counting_&_probability,0.6
gemma2-9b,9,3,1.0,openmath,greedy,all,counting_&_probability,0.6
gemma2-9b,5,1,1.0,baseline,greedy,all,geometry,0.6
gemma2-9b,5,2,1.0,openmath,greedy,all,geometry,0.6
gemma2-9b,19,6,1.0,baseline,greedy,all,intermediate_algebra,0.6
gemma2-9b,19,6,1.0,openmath,greedy,all,intermediate_algebra,0.6
gemma2-9b,16,8,1.0,baseline,greedy,all,number_theory,0.6
gemma2-9b,16,7,1.0,openmath,greedy,all,number_theory,0.6
gemma2-9b,19,10,1.0,baseline,greedy,all,prealgebra,0.6
gemma2-9b,19,10,1.0,openmath,greedy,all,prealgebra,0.6
gemma2-9b,20,3,1.0,baseline,greedy,all,precalculus,0.6
gemma2-9b,20,6,1.0,openmath,greedy,all,precalculus,0.6
gemma2-9b,105,46,1.0,baseline,greedy,all,all,0.7
gemma2-9b,105,46,1.0,openmath,greedy,all,all,0.7
gemma2-9b,13,9,1.0,baseline,greedy,1,all,0.7
gemma2-9b,13,12,1.0,openmath,greedy,1,all,0.7
gemma2-9b,19,11,1.0,baseline,greedy,2,all,0.7
gemma2-9b,19,14,1.0,openmath,greedy,2,all,0.7
gemma2-9b,25,12,1.0,baseline,greedy,3,all,0.7
gemma2-9b,25,11,1.0,openmath,greedy,3,all,0.7
gemma2-9b,22,8,1.0,baseline,greedy,4,all,0.7
gemma2-9b,22,5,1.0,openmath,greedy,4,all,0.7
gemma2-9b,26,6,1.0,baseline,greedy,5,all,0.7
gemma2-9b,26,4,1.0,openmath,greedy,5,all,0.7
gemma2-9b,24,16,1.0,baseline,greedy,all,algebra,0.7
gemma2-9b,24,14,1.0,openmath,greedy,all,algebra,0.7
gemma2-9b,9,4,1.0,baseline,greedy,all,counting_&_probability,0.7
gemma2-9b,9,3,1.0,openmath,greedy,all,counting_&_probability,0.7
gemma2-9b,4,1,1.0,baseline,greedy,all,geometry,0.7
gemma2-9b,4,1,1.0,openmath,greedy,all,geometry,0.7
gemma2-9b,17,5,1.0,baseline,greedy,all,intermediate_algebra,0.7
gemma2-9b,17,5,1.0,openmath,greedy,all,intermediate_algebra,0.7
gemma2-9b,15,7,1.0,baseline,greedy,all,number_theory,0.7
gemma2-9b,15,7,1.0,openmath,greedy,all,number_theory,0.7
gemma2-9b,18,10,1.0,baseline,greedy,all,prealgebra,0.7
gemma2-9b,18,10,1.0,openmath,greedy,all,prealgebra,0.7
gemma2-9b,18,3,1.0,baseline,greedy,all,precalculus,0.7
gemma2-9b,18,6,1.0,openmath,greedy,all,precalculus,0.7
gemma2-9b,89,37,1.0,baseline,greedy,all,all,0.8
gemma2-9b,89,41,1.0,openmath,greedy,all,all,0.8
gemma2-9b,11,7,1.0,baseline,greedy,1,all,0.8
gemma2-9b,11,10,1.0,openmath,greedy,1,all,0.8
gemma2-9b,18,10,1.0,baseline,greedy,2,all,0.8
gemma2-9b,18,13,1.0,openmath,greedy,2,all,0.8
gemma2-9b,22,11,1.0,baseline,greedy,3,all,0.8
gemma2-9b,22,11,1.0,openmath,greedy,3,all,0.8
gemma2-9b,19,6,1.0,baseline,greedy,4,all,0.8
gemma2-9b,19,4,1.0,openmath,greedy,4,all,0.8
gemma2-9b,19,3,1.0,baseline,greedy,5,all,0.8
gemma2-9b,19,3,1.0,openmath,greedy,5,all,0.8
gemma2-9b,19,13,1.0,baseline,greedy,all,algebra,0.8
gemma2-9b,19,12,1.0,openmath,greedy,all,algebra,0.8
gemma2-9b,9,4,1.0,baseline,greedy,all,counting_&_probability,0.8
gemma2-9b,9,3,1.0,openmath,greedy,all,counting_&_probability,0.8
gemma2-9b,4,1,1.0,baseline,greedy,all,geometry,0.8
gemma2-9b,4,1,1.0,openmath,greedy,all,geometry,0.8
gemma2-9b,15,4,1.0,baseline,greedy,all,intermediate_algebra,0.8
gemma2-9b,15,4,1.0,openmath,greedy,all,intermediate_algebra,0.8
gemma2-9b,12,4,1.0,baseline,greedy,all,number_theory,0.8
gemma2-9b,12,6,1.0,openmath,greedy,all,number_theory,0.8
gemma2-9b,16,9,1.0,baseline,greedy,all,prealgebra,0.8
gemma2-9b,16,10,1.0,openmath,greedy,all,prealgebra,0.8
gemma2-9b,14,2,1.0,baseline,greedy,all,precalculus,0.8
gemma2-9b,14,5,1.0,openmath,greedy,all,precalculus,0.8
gemma2-9b,75,30,1.0,baseline,greedy,all,all,0.9
gemma2-9b,75,32,1.0,openmath,greedy,all,all,0.9
gemma2-9b,8,4,1.0,baseline,greedy,1,all,0.9
gemma2-9b,8,7,1.0,openmath,greedy,1,all,0.9
gemma2-9b,16,9,1.0,baseline,greedy,2,all,0.9
gemma2-9b,16,11,1.0,openmath,greedy,2,all,0.9
gemma2-9b,19,10,1.0,baseline,greedy,3,all,0.9
gemma2-9b,19,9,1.0,openmath,greedy,3,all,0.9
gemma2-9b,18,6,1.0,baseline,greedy,4,all,0.9
gemma2-9b,18,4,1.0,openmath,greedy,4,all,0.9
gemma2-9b,14,1,1.0,baseline,greedy,5,all,0.9
gemma2-9b,14,1,1.0,openmath,greedy,5,all,0.9
gemma2-9b,15,9,1.0,baseline,greedy,all,algebra,0.9
gemma2-9b,15,8,1.0,openmath,greedy,all,algebra,0.9
gemma2-9b,9,4,1.0,baseline,greedy,all,counting_&_probability,0.9
gemma2-9b,9,3,1.0,openmath,greedy,all,counting_&_probability,0.9
gemma2-9b,3,1,1.0,baseline,greedy,all,geometry,0.9
gemma2-9b,3,1,1.0,openmath,greedy,all,geometry,0.9
gemma2-9b,15,4,1.0,baseline,greedy,all,intermediate_algebra,0.9
gemma2-9b,15,4,1.0,openmath,greedy,all,intermediate_algebra,0.9
gemma2-9b,9,4,1.0,baseline,greedy,all,number_theory,0.9
gemma2-9b,9,5,1.0,openmath,greedy,all,number_theory,0.9
gemma2-9b,13,6,1.0,baseline,greedy,all,prealgebra,0.9
gemma2-9b,13,7,1.0,openmath,greedy,all,prealgebra,0.9
gemma2-9b,11,2,1.0,baseline,greedy,all,precalculus,0.9
gemma2-9b,11,4,1.0,openmath,greedy,all,precalculus,0.9
gemma2-9b,500,274,3.13,baseline,best-of-n,all,all,0.0
gemma2-9b,500,275,3.15,openmath,best-of-n,all,all,0.0
gemma2-9b,43,37,1.93,baseline,best-of-n,1,all,0.0
gemma2-9b,43,34,2.21,openmath,best-of-n,1,all,0.0
gemma2-9b,90,69,2.28,baseline,best-of-n,2,all,0.0
gemma2-9b,90,69,2.2,openmath,best-of-n,2,all,0.0
gemma2-9b,105,73,2.56,baseline,best-of-n,3,all,0.0
gemma2-9b,105,72,2.69,openmath,best-of-n,3,all,0.0
gemma2-9b,128,61,3.43,baseline,best-of-n,4,all,0.0
gemma2-9b,128,62,3.47,openmath,best-of-n,4,all,0.0
gemma2-9b,134,34,4.23,baseline,best-of-n,5,all,0.0
gemma2-9b,134,38,4.15,openmath,best-of-n,5,all,0.0
gemma2-9b,124,95,2.32,baseline,best-of-n,all,algebra,0.0
gemma2-9b,124,92,2.46,openmath,best-of-n,all,algebra,0.0
gemma2-9b,38,19,3.24,baseline,best-of-n,all,counting_&_probability,0.0
gemma2-9b,38,18,3.39,openmath,best-of-n,all,counting_&_probability,0.0
gemma2-9b,41,18,3.51,baseline,best-of-n,all,geometry,0.0
gemma2-9b,41,16,3.8,openmath,best-of-n,all,geometry,0.0
gemma2-9b,97,27,4.06,baseline,best-of-n,all,intermediate_algebra,0.0
gemma2-9b,97,31,4.07,openmath,best-of-n,all,intermediate_algebra,0.0
gemma2-9b,62,40,2.77,baseline,best-of-n,all,number_theory,0.0
gemma2-9b,62,44,2.53,openmath,best-of-n,all,number_theory,0.0
gemma2-9b,82,55,2.79,baseline,best-of-n,all,prealgebra,0.0
gemma2-9b,82,56,2.63,openmath,best-of-n,all,prealgebra,0.0
gemma2-9b,56,20,3.8,baseline,best-of-n,all,precalculus,0.0
gemma2-9b,56,18,3.88,openmath,best-of-n,all,precalculus,0.0
gemma2-9b,201,116,2.93,baseline,best-of-n,all,all,0.1
gemma2-9b,201,116,2.98,openmath,best-of-n,all,all,0.1
gemma2-9b,19,18,1.53,baseline,best-of-n,1,all,0.1
gemma2-9b,19,17,1.63,openmath,best-of-n,1,all,0.1
gemma2-9b,39,30,2.23,baseline,best-of-n,2,all,0.1
gemma2-9b,39,31,2.08,openmath,best-of-n,2,all,0.1
gemma2-9b,52,34,2.62,baseline,best-of-n,3,all,0.1
gemma2-9b,52,35,2.67,openmath,best-of-n,3,all,0.1
gemma2-9b,43,21,3.26,baseline,best-of-n,4,all,0.1
gemma2-9b,43,20,3.37,openmath,best-of-n,4,all,0.1
gemma2-9b,48,13,4.08,baseline,best-of-n,5,all,0.1
gemma2-9b,48,13,4.21,openmath,best-of-n,5,all,0.1
gemma2-9b,52,40,2.17,baseline,best-of-n,all,algebra,0.1
gemma2-9b,52,38,2.38,openmath,best-of-n,all,algebra,0.1
gemma2-9b,19,11,2.74,baseline,best-of-n,all,counting_&_probability,0.1
gemma2-9b,19,12,2.74,openmath,best-of-n,all,counting_&_probability,0.1
gemma2-9b,15,8,3.33,baseline,best-of-n,all,geometry,0.1
gemma2-9b,15,5,3.87,openmath,best-of-n,all,geometry,0.1
gemma2-9b,32,13,3.66,baseline,best-of-n,all,intermediate_algebra,0.1
gemma2-9b,32,15,3.62,openmath,best-of-n,all,intermediate_algebra,0.1
gemma2-9b,24,15,2.88,baseline,best-of-n,all,number_theory,0.1
gemma2-9b,24,15,2.71,openmath,best-of-n,all,number_theory,0.1
gemma2-9b,28,19,2.43,baseline,best-of-n,all,prealgebra,0.1
gemma2-9b,28,22,2.18,openmath,best-of-n,all,prealgebra,0.1
gemma2-9b,31,10,3.84,baseline,best-of-n,all,precalculus,0.1
gemma2-9b,31,9,3.94,openmath,best-of-n,all,precalculus,0.1
gemma2-9b,171,97,2.95,baseline,best-of-n,all,all,0.2
gemma2-9b,171,97,3.0,openmath,best-of-n,all,all,0.2
gemma2-9b,16,15,1.62,baseline,best-of-n,1,all,0.2
gemma2-9b,16,16,1.25,openmath,best-of-n,1,all,0.2
gemma2-9b,32,25,2.16,baseline,best-of-n,2,all,0.2
gemma2-9b,32,25,2.09,openmath,best-of-n,2,all,0.2
gemma2-9b,40,25,2.75,baseline,best-of-n,3,all,0.2
gemma2-9b,40,25,2.77,openmath,best-of-n,3,all,0.2
gemma2-9b,38,19,3.13,baseline,best-of-n,4,all,0.2
gemma2-9b,38,18,3.37,openmath,best-of-n,4,all,0.2
gemma2-9b,45,13,4.02,baseline,best-of-n,5,all,0.2
gemma2-9b,45,13,4.16,openmath,best-of-n,5,all,0.2
gemma2-9b,44,33,2.27,baseline,best-of-n,all,algebra,0.2
gemma2-9b,44,33,2.3,openmath,best-of-n,all,algebra,0.2
gemma2-9b,16,10,2.56,baseline,best-of-n,all,counting_&_probability,0.2
gemma2-9b,16,10,2.75,openmath,best-of-n,all,counting_&_probability,0.2
gemma2-9b,14,7,3.36,baseline,best-of-n,all,geometry,0.2
gemma2-9b,14,5,3.79,openmath,best-of-n,all,geometry,0.2
gemma2-9b,29,11,3.76,baseline,best-of-n,all,intermediate_algebra,0.2
gemma2-9b,29,12,3.76,openmath,best-of-n,all,intermediate_algebra,0.2
gemma2-9b,19,12,2.74,baseline,best-of-n,all,number_theory,0.2
gemma2-9b,19,11,2.84,openmath,best-of-n,all,number_theory,0.2
gemma2-9b,23,16,2.39,baseline,best-of-n,all,prealgebra,0.2
gemma2-9b,23,19,2.09,openmath,best-of-n,all,prealgebra,0.2
gemma2-9b,26,8,3.88,baseline,best-of-n,all,precalculus,0.2
gemma2-9b,26,7,4.0,openmath,best-of-n,all,precalculus,0.2
gemma2-9b,151,89,2.85,baseline,best-of-n,all,all,0.3
gemma2-9b,151,90,2.9,openmath,best-of-n,all,all,0.3
gemma2-9b,14,14,1.29,baseline,best-of-n,1,all,0.3
gemma2-9b,14,14,1.14,openmath,best-of-n,1,all,0.3
gemma2-9b,28,23,1.93,baseline,best-of-n,2,all,0.3
gemma2-9b,28,24,1.82,openmath,best-of-n,2,all,0.3
gemma2-9b,37,23,2.78,baseline,best-of-n,3,all,0.3
gemma2-9b,37,23,2.78,openmath,best-of-n,3,all,0.3
gemma2-9b,33,16,3.18,baseline,best-of-n,4,all,0.3
gemma2-9b,33,16,3.36,openmath,best-of-n,4,all,0.3
gemma2-9b,39,13,3.87,baseline,best-of-n,5,all,0.3
gemma2-9b,39,13,4.03,openmath,best-of-n,5,all,0.3
gemma2-9b,39,28,2.28,baseline,best-of-n,all,algebra,0.3
gemma2-9b,39,30,2.21,openmath,best-of-n,all,algebra,0.3
gemma2-9b,14,9,2.5,baseline,best-of-n,all,counting_&_probability,0.3
gemma2-9b,14,9,2.71,openmath,best-of-n,all,counting_&_probability,0.3
gemma2-9b,12,6,3.42,baseline,best-of-n,all,geometry,0.3
gemma2-9b,12,4,3.92,openmath,best-of-n,all,geometry,0.3
gemma2-9b,22,11,3.36,baseline,best-of-n,all,intermediate_algebra,0.3
gemma2-9b,22,11,3.55,openmath,best-of-n,all,intermediate_algebra,0.3
gemma2-9b,18,12,2.61,baseline,best-of-n,all,number_theory,0.3
gemma2-9b,18,11,2.72,openmath,best-of-n,all,number_theory,0.3
gemma2-9b,22,15,2.45,baseline,best-of-n,all,prealgebra,0.3
gemma2-9b,22,18,2.09,openmath,best-of-n,all,prealgebra,0.3
gemma2-9b,24,8,3.79,baseline,best-of-n,all,precalculus,0.3
gemma2-9b,24,7,3.92,openmath,best-of-n,all,precalculus,0.3
gemma2-9b,134,79,2.85,baseline,best-of-n,all,all,0.4
gemma2-9b,134,80,2.88,openmath,best-of-n,all,all,0.4
gemma2-9b,14,14,1.29,baseline,best-of-n,1,all,0.4
gemma2-9b,14,14,1.14,openmath,best-of-n,1,all,0.4
gemma2-9b,25,20,2.04,baseline,best-of-n,2,all,0.4
gemma2-9b,25,21,1.84,openmath,best-of-n,2,all,0.4
gemma2-9b,33,21,2.7,baseline,best-of-n,3,all,0.4
gemma2-9b,33,22,2.64,openmath,best-of-n,3,all,0.4
gemma2-9b,27,13,3.19,baseline,best-of-n,4,all,0.4
gemma2-9b,27,13,3.41,openmath,best-of-n,4,all,0.4
gemma2-9b,35,11,3.94,baseline,best-of-n,5,all,0.4
gemma2-9b,35,10,4.14,openmath,best-of-n,5,all,0.4
gemma2-9b,33,25,2.12,baseline,best-of-n,all,algebra,0.4
gemma2-9b,33,26,2.03,openmath,best-of-n,all,algebra,0.4
gemma2-9b,11,7,2.45,baseline,best-of-n,all,counting_&_probability,0.4
gemma2-9b,11,7,2.82,openmath,best-of-n,all,counting_&_probability,0.4
gemma2-9b,10,4,3.9,baseline,best-of-n,all,geometry,0.4
gemma2-9b,10,2,4.3,openmath,best-of-n,all,geometry,0.4
gemma2-9b,20,9,3.5,baseline,best-of-n,all,intermediate_algebra,0.4
gemma2-9b,20,10,3.6,openmath,best-of-n,all,intermediate_algebra,0.4
gemma2-9b,18,12,2.61,baseline,best-of-n,all,number_theory,0.4
gemma2-9b,18,11,2.72,openmath,best-of-n,all,number_theory,0.4
gemma2-9b,21,14,2.52,baseline,best-of-n,all,prealgebra,0.4
gemma2-9b,21,17,2.14,openmath,best-of-n,all,prealgebra,0.4
gemma2-9b,21,8,3.62,baseline,best-of-n,all,precalculus,0.4
gemma2-9b,21,7,3.76,openmath,best-of-n,all,precalculus,0.4
gemma2-9b,121,69,2.93,baseline,best-of-n,all,all,0.5
gemma2-9b,121,72,2.92,openmath,best-of-n,all,all,0.5
gemma2-9b,14,14,1.29,baseline,best-of-n,1,all,0.5
gemma2-9b,14,14,1.14,openmath,best-of-n,1,all,0.5
gemma2-9b,22,17,2.18,baseline,best-of-n,2,all,0.5
gemma2-9b,22,18,1.95,openmath,best-of-n,2,all,0.5
gemma2-9b,31,19,2.71,baseline,best-of-n,3,all,0.5
gemma2-9b,31,21,2.61,openmath,best-of-n,3,all,0.5
gemma2-9b,24,11,3.29,baseline,best-of-n,4,all,0.5
gemma2-9b,24,11,3.54,openmath,best-of-n,4,all,0.5
gemma2-9b,30,8,4.17,baseline,best-of-n,5,all,0.5
gemma2-9b,30,8,4.27,openmath,best-of-n,5,all,0.5
gemma2-9b,28,20,2.32,baseline,best-of-n,all,algebra,0.5
gemma2-9b,28,21,2.21,openmath,best-of-n,all,algebra,0.5
gemma2-9b,10,6,2.6,baseline,best-of-n,all,counting_&_probability,0.5
gemma2-9b,10,7,2.6,openmath,best-of-n,all,counting_&_probability,0.5
gemma2-9b,6,3,3.33,baseline,best-of-n,all,geometry,0.5
gemma2-9b,6,2,3.83,openmath,best-of-n,all,geometry,0.5
gemma2-9b,20,9,3.5,baseline,best-of-n,all,intermediate_algebra,0.5
gemma2-9b,20,10,3.6,openmath,best-of-n,all,intermediate_algebra,0.5
gemma2-9b,17,11,2.71,baseline,best-of-n,all,number_theory,0.5
gemma2-9b,17,10,2.82,openmath,best-of-n,all,number_theory,0.5
gemma2-9b,19,12,2.68,baseline,best-of-n,all,prealgebra,0.5
gemma2-9b,19,15,2.26,openmath,best-of-n,all,prealgebra,0.5
gemma2-9b,21,8,3.62,baseline,best-of-n,all,precalculus,0.5
gemma2-9b,21,7,3.76,openmath,best-of-n,all,precalculus,0.5
gemma2-9b,115,65,2.94,baseline,best-of-n,all,all,0.6
gemma2-9b,115,69,2.89,openmath,best-of-n,all,all,0.6
gemma2-9b,13,13,1.31,baseline,best-of-n,1,all,0.6
gemma2-9b,13,13,1.15,openmath,best-of-n,1,all,0.6
gemma2-9b,21,17,2.05,baseline,best-of-n,2,all,0.6
gemma2-9b,21,18,1.81,openmath,best-of-n,2,all,0.6
gemma2-9b,30,18,2.73,baseline,best-of-n,3,all,0.6
gemma2-9b,30,20,2.57,openmath,best-of-n,3,all,0.6
gemma2-9b,23,10,3.39,baseline,best-of-n,4,all,0.6
gemma2-9b,23,10,3.65,openmath,best-of-n,4,all,0.6
gemma2-9b,28,7,4.21,baseline,best-of-n,5,all,0.6
gemma2-9b,28,8,4.21,openmath,best-of-n,5,all,0.6
gemma2-9b,27,19,2.37,baseline,best-of-n,all,algebra,0.6
gemma2-9b,27,20,2.26,openmath,best-of-n,all,algebra,0.6
gemma2-9b,9,5,2.78,baseline,best-of-n,all,counting_&_probability,0.6
gemma2-9b,9,6,2.78,openmath,best-of-n,all,counting_&_probability,0.6
gemma2-9b,5,2,3.6,baseline,best-of-n,all,geometry,0.6
gemma2-9b,5,2,3.6,openmath,best-of-n,all,geometry,0.6
gemma2-9b,19,8,3.58,baseline,best-of-n,all,intermediate_algebra,0.6
gemma2-9b,19,9,3.58,openmath,best-of-n,all,intermediate_algebra,0.6
gemma2-9b,16,11,2.56,baseline,best-of-n,all,number_theory,0.6
gemma2-9b,16,10,2.69,openmath,best-of-n,all,number_theory,0.6
gemma2-9b,19,12,2.68,baseline,best-of-n,all,prealgebra,0.6
gemma2-9b,19,15,2.26,openmath,best-of-n,all,prealgebra,0.6
gemma2-9b,20,8,3.55,baseline,best-of-n,all,precalculus,0.6
gemma2-9b,20,7,3.7,openmath,best-of-n,all,precalculus,0.6
gemma2-9b,105,62,2.85,baseline,best-of-n,all,all,0.7
gemma2-9b,105,65,2.82,openmath,best-of-n,all,all,0.7
gemma2-9b,13,13,1.31,baseline,best-of-n,1,all,0.7
gemma2-9b,13,13,1.15,openmath,best-of-n,1,all,0.7
gemma2-9b,19,17,1.74,baseline,best-of-n,2,all,0.7
gemma2-9b,19,17,1.68,openmath,best-of-n,2,all,0.7
gemma2-9b,25,16,2.56,baseline,best-of-n,3,all,0.7
gemma2-9b,25,18,2.36,openmath,best-of-n,3,all,0.7
gemma2-9b,22,9,3.5,baseline,best-of-n,4,all,0.7
gemma2-9b,22,9,3.73,openmath,best-of-n,4,all,0.7
gemma2-9b,26,7,4.15,baseline,best-of-n,5,all,0.7
gemma2-9b,26,8,4.15,openmath,best-of-n,5,all,0.7
gemma2-9b,24,19,2.04,baseline,best-of-n,all,algebra,0.7
gemma2-9b,24,19,2.08,openmath,best-of-n,all,algebra,0.7
gemma2-9b,9,5,2.78,baseline,best-of-n,all,counting_&_probability,0.7
gemma2-9b,9,6,2.78,openmath,best-of-n,all,counting_&_probability,0.7
gemma2-9b,4,1,4.0,baseline,best-of-n,all,geometry,0.7
gemma2-9b,4,1,4.0,openmath,best-of-n,all,geometry,0.7
gemma2-9b,17,7,3.65,baseline,best-of-n,all,intermediate_algebra,0.7
gemma2-9b,17,8,3.65,openmath,best-of-n,all,intermediate_algebra,0.7
gemma2-9b,15,10,2.67,baseline,best-of-n,all,number_theory,0.7
gemma2-9b,15,9,2.73,openmath,best-of-n,all,number_theory,0.7
gemma2-9b,18,12,2.56,baseline,best-of-n,all,prealgebra,0.7
gemma2-9b,18,15,2.11,openmath,best-of-n,all,prealgebra,0.7
gemma2-9b,18,8,3.39,baseline,best-of-n,all,precalculus,0.7
gemma2-9b,18,7,3.56,openmath,best-of-n,all,precalculus,0.7
gemma2-9b,89,54,2.76,baseline,best-of-n,all,all,0.8
gemma2-9b,89,56,2.79,openmath,best-of-n,all,all,0.8
gemma2-9b,11,11,1.36,baseline,best-of-n,1,all,0.8
gemma2-9b,11,11,1.18,openmath,best-of-n,1,all,0.8
gemma2-9b,18,16,1.72,baseline,best-of-n,2,all,0.8
gemma2-9b,18,16,1.72,openmath,best-of-n,2,all,0.8
gemma2-9b,22,15,2.36,baseline,best-of-n,3,all,0.8
gemma2-9b,22,16,2.36,openmath,best-of-n,3,all,0.8
gemma2-9b,19,7,3.68,baseline,best-of-n,4,all,0.8
gemma2-9b,19,7,3.74,openmath,best-of-n,4,all,0.8
gemma2-9b,19,5,4.11,baseline,best-of-n,5,all,0.8
gemma2-9b,19,6,4.26,openmath,best-of-n,5,all,0.8
gemma2-9b,19,16,1.84,baseline,best-of-n,all,algebra,0.8
gemma2-9b,19,16,1.84,openmath,best-of-n,all,algebra,0.8
gemma2-9b,9,5,2.78,baseline,best-of-n,all,counting_&_probability,0.8
gemma2-9b,9,6,2.78,openmath,best-of-n,all,counting_&_probability,0.8
gemma2-9b,4,1,4.0,baseline,best-of-n,all,geometry,0.8
gemma2-9b,4,1,4.0,openmath,best-of-n,all,geometry,0.8
gemma2-9b,15,6,3.73,baseline,best-of-n,all,intermediate_algebra,0.8
gemma2-9b,15,7,3.73,openmath,best-of-n,all,intermediate_algebra,0.8
gemma2-9b,12,8,2.75,baseline,best-of-n,all,number_theory,0.8
gemma2-9b,12,7,2.67,openmath,best-of-n,all,number_theory,0.8
gemma2-9b,16,11,2.31,baseline,best-of-n,all,prealgebra,0.8
gemma2-9b,16,13,2.25,openmath,best-of-n,all,prealgebra,0.8
gemma2-9b,14,7,3.14,baseline,best-of-n,all,precalculus,0.8
gemma2-9b,14,6,3.43,openmath,best-of-n,all,precalculus,0.8
gemma2-9b,75,45,2.81,baseline,best-of-n,all,all,0.9
gemma2-9b,75,47,2.85,openmath,best-of-n,all,all,0.9
gemma2-9b,8,8,1.5,baseline,best-of-n,1,all,0.9
gemma2-9b,8,8,1.25,openmath,best-of-n,1,all,0.9
gemma2-9b,16,14,1.81,baseline,best-of-n,2,all,0.9
gemma2-9b,16,14,1.81,openmath,best-of-n,2,all,0.9
gemma2-9b,19,13,2.32,baseline,best-of-n,3,all,0.9
gemma2-9b,19,14,2.37,openmath,best-of-n,3,all,0.9
gemma2-9b,18,7,3.61,baseline,best-of-n,4,all,0.9
gemma2-9b,18,7,3.67,openmath,best-of-n,4,all,0.9
gemma2-9b,14,3,4.36,baseline,best-of-n,5,all,0.9
gemma2-9b,14,4,4.57,openmath,best-of-n,5,all,0.9
gemma2-9b,15,12,2.07,baseline,best-of-n,all,algebra,0.9
gemma2-9b,15,12,2.07,openmath,best-of-n,all,algebra,0.9
gemma2-9b,9,5,2.78,baseline,best-of-n,all,counting_&_probability,0.9
gemma2-9b,9,6,2.78,openmath,best-of-n,all,counting_&_probability,0.9
gemma2-9b,3,1,3.67,baseline,best-of-n,all,geometry,0.9
gemma2-9b,3,1,3.67,openmath,best-of-n,all,geometry,0.9
gemma2-9b,15,6,3.73,baseline,best-of-n,all,intermediate_algebra,0.9
gemma2-9b,15,7,3.73,openmath,best-of-n,all,intermediate_algebra,0.9
gemma2-9b,9,7,2.33,baseline,best-of-n,all,number_theory,0.9
gemma2-9b,9,6,2.33,openmath,best-of-n,all,number_theory,0.9
gemma2-9b,13,8,2.62,baseline,best-of-n,all,prealgebra,0.9
gemma2-9b,13,10,2.54,openmath,best-of-n,all,prealgebra,0.9
gemma2-9b,11,6,3.0,baseline,best-of-n,all,precalculus,0.9
gemma2-9b,11,5,3.36,openmath,best-of-n,all,precalculus,0.9
qwen2.5-math-7b,500,366,1.0,baseline,greedy,all,all,0.0
qwen2.5-math-7b,500,367,1.0,openmath,greedy,all,all,0.0
qwen2.5-math-7b,43,39,1.0,baseline,greedy,1,all,0.0
qwen2.5-math-7b,43,40,1.0,openmath,greedy,1,all,0.0
qwen2.5-math-7b,90,78,1.0,baseline,greedy,2,all,0.0
qwen2.5-math-7b,90,75,1.0,openmath,greedy,2,all,0.0
qwen2.5-math-7b,105,86,1.0,baseline,greedy,3,all,0.0
qwen2.5-math-7b,105,83,1.0,openmath,greedy,3,all,0.0
qwen2.5-math-7b,128,92,1.0,baseline,greedy,4,all,0.0
qwen2.5-math-7b,128,93,1.0,openmath,greedy,4,all,0.0
qwen2.5-math-7b,134,71,1.0,baseline,greedy,5,all,0.0
qwen2.5-math-7b,134,76,1.0,openmath,greedy,5,all,0.0
qwen2.5-math-7b,124,110,1.0,baseline,greedy,all,algebra,0.0
qwen2.5-math-7b,124,113,1.0,openmath,greedy,all,algebra,0.0
qwen2.5-math-7b,38,28,1.0,baseline,greedy,all,counting_&_probability,0.0
qwen2.5-math-7b,38,27,1.0,openmath,greedy,all,counting_&_probability,0.0
qwen2.5-math-7b,41,21,1.0,baseline,greedy,all,geometry,0.0
qwen2.5-math-7b,41,21,1.0,openmath,greedy,all,geometry,0.0
qwen2.5-math-7b,97,55,1.0,baseline,greedy,all,intermediate_algebra,0.0
qwen2.5-math-7b,97,57,1.0,openmath,greedy,all,intermediate_algebra,0.0
qwen2.5-math-7b,62,54,1.0,baseline,greedy,all,number_theory,0.0
qwen2.5-math-7b,62,54,1.0,openmath,greedy,all,number_theory,0.0
qwen2.5-math-7b,82,65,1.0,baseline,greedy,all,prealgebra,0.0
qwen2.5-math-7b,82,63,1.0,openmath,greedy,all,prealgebra,0.0
qwen2.5-math-7b,56,33,1.0,baseline,greedy,all,precalculus,0.0
qwen2.5-math-7b,56,32,1.0,openmath,greedy,all,precalculus,0.0
qwen2.5-math-7b,201,155,1.0,baseline,greedy,all,all,0.1
qwen2.5-math-7b,201,161,1.0,openmath,greedy,all,all,0.1
qwen2.5-math-7b,19,18,1.0,baseline,greedy,1,all,0.1
qwen2.5-math-7b,19,19,1.0,openmath,greedy,1,all,0.1
qwen2.5-math-7b,39,33,1.0,baseline,greedy,2,all,0.1
qwen2.5-math-7b,39,30,1.0,openmath,greedy,2,all,0.1
qwen2.5-math-7b,52,41,1.0,baseline,greedy,3,all,0.1
qwen2.5-math-7b,52,40,1.0,openmath,greedy,3,all,0.1
qwen2.5-math-7b,43,33,1.0,baseline,greedy,4,all,0.1
qwen2.5-math-7b,43,37,1.0,openmath,greedy,4,all,0.1
qwen2.5-math-7b,48,30,1.0,baseline,greedy,5,all,0.1
qwen2.5-math-7b,48,35,1.0,openmath,greedy,5,all,0.1
qwen2.5-math-7b,52,46,1.0,baseline,greedy,all,algebra,0.1
qwen2.5-math-7b,52,48,1.0,openmath,greedy,all,algebra,0.1
qwen2.5-math-7b,19,15,1.0,baseline,greedy,all,counting_&_probability,0.1
qwen2.5-math-7b,19,16,1.0,openmath,greedy,all,counting_&_probability,0.1
qwen2.5-math-7b,15,10,1.0,baseline,greedy,all,geometry,0.1
qwen2.5-math-7b,15,11,1.0,openmath,greedy,all,geometry,0.1
qwen2.5-math-7b,32,21,1.0,baseline,greedy,all,intermediate_algebra,0.1
qwen2.5-math-7b,32,22,1.0,openmath,greedy,all,intermediate_algebra,0.1
qwen2.5-math-7b,24,20,1.0,baseline,greedy,all,number_theory,0.1
qwen2.5-math-7b,24,21,1.0,openmath,greedy,all,number_theory,0.1
qwen2.5-math-7b,28,26,1.0,baseline,greedy,all,prealgebra,0.1
qwen2.5-math-7b,28,24,1.0,openmath,greedy,all,prealgebra,0.1
qwen2.5-math-7b,31,17,1.0,baseline,greedy,all,precalculus,0.1
qwen2.5-math-7b,31,19,1.0,openmath,greedy,all,precalculus,0.1
qwen2.5-math-7b,171,130,1.0,baseline,greedy,all,all,0.2
qwen2.5-math-7b,171,140,1.0,openmath,greedy,all,all,0.2
qwen2.5-math-7b,16,15,1.0,baseline,greedy,1,all,0.2
qwen2.5-math-7b,16,16,1.0,openmath,greedy,1,all,0.2
qwen2.5-math-7b,32,27,1.0,baseline,greedy,2,all,0.2
qwen2.5-math-7b,32,25,1.0,openmath,greedy,2,all,0.2
qwen2.5-math-7b,40,30,1.0,baseline,greedy,3,all,0.2
qwen2.5-math-7b,40,31,1.0,openmath,greedy,3,all,0.2
qwen2.5-math-7b,38,29,1.0,baseline,greedy,4,all,0.2
qwen2.5-math-7b,38,34,1.0,openmath,greedy,4,all,0.2
qwen2.5-math-7b,45,29,1.0,baseline,greedy,5,all,0.2
qwen2.5-math-7b,45,34,1.0,openmath,greedy,5,all,0.2
qwen2.5-math-7b,44,39,1.0,baseline,greedy,all,algebra,0.2
qwen2.5-math-7b,44,41,1.0,openmath,greedy,all,algebra,0.2
qwen2.5-math-7b,16,13,1.0,baseline,greedy,all,counting_&_probability,0.2
qwen2.5-math-7b,16,14,1.0,openmath,greedy,all,counting_&_probability,0.2
qwen2.5-math-7b,14,9,1.0,baseline,greedy,all,geometry,0.2
qwen2.5-math-7b,14,10,1.0,openmath,greedy,all,geometry,0.2
qwen2.5-math-7b,29,18,1.0,baseline,greedy,all,intermediate_algebra,0.2
qwen2.5-math-7b,29,20,1.0,openmath,greedy,all,intermediate_algebra,0.2
qwen2.5-math-7b,19,15,1.0,baseline,greedy,all,number_theory,0.2
qwen2.5-math-7b,19,18,1.0,openmath,greedy,all,number_theory,0.2
qwen2.5-math-7b,23,21,1.0,baseline,greedy,all,prealgebra,0.2
qwen2.5-math-7b,23,20,1.0,openmath,greedy,all,prealgebra,0.2
qwen2.5-math-7b,26,15,1.0,baseline,greedy,all,precalculus,0.2
qwen2.5-math-7b,26,17,1.0,openmath,greedy,all,precalculus,0.2
qwen2.5-math-7b,151,116,1.0,baseline,greedy,all,all,0.3
qwen2.5-math-7b,151,126,1.0,openmath,greedy,all,all,0.3
qwen2.5-math-7b,14,14,1.0,baseline,greedy,1,all,0.3
qwen2.5-math-7b,14,14,1.0,openmath,greedy,1,all,0.3
qwen2.5-math-7b,28,23,1.0,baseline,greedy,2,all,0.3
qwen2.5-math-7b,28,22,1.0,openmath,greedy,2,all,0.3
qwen2.5-math-7b,37,28,1.0,baseline,greedy,3,all,0.3
qwen2.5-math-7b,37,29,1.0,openmath,greedy,3,all,0.3
qwen2.5-math-7b,33,25,1.0,baseline,greedy,4,all,0.3
qwen2.5-math-7b,33,30,1.0,openmath,greedy,4,all,0.3
qwen2.5-math-7b,39,26,1.0,baseline,greedy,5,all,0.3
qwen2.5-math-7b,39,31,1.0,openmath,greedy,5,all,0.3
qwen2.5-math-7b,39,34,1.0,baseline,greedy,all,algebra,0.3
qwen2.5-math-7b,39,36,1.0,openmath,greedy,all,algebra,0.3
qwen2.5-math-7b,14,11,1.0,baseline,greedy,all,counting_&_probability,0.3
qwen2.5-math-7b,14,13,1.0,openmath,greedy,all,counting_&_probability,0.3
qwen2.5-math-7b,12,8,1.0,baseline,greedy,all,geometry,0.3
qwen2.5-math-7b,12,9,1.0,openmath,greedy,all,geometry,0.3
qwen2.5-math-7b,22,15,1.0,baseline,greedy,all,intermediate_algebra,0.3
qwen2.5-math-7b,22,16,1.0,openmath,greedy,all,intermediate_algebra,0.3
qwen2.5-math-7b,18,14,1.0,baseline,greedy,all,number_theory,0.3
qwen2.5-math-7b,18,17,1.0,openmath,greedy,all,number_theory,0.3
qwen2.5-math-7b,22,20,1.0,baseline,greedy,all,prealgebra,0.3
qwen2.5-math-7b,22,19,1.0,openmath,greedy,all,prealgebra,0.3
qwen2.5-math-7b,24,14,1.0,baseline,greedy,all,precalculus,0.3
qwen2.5-math-7b,24,16,1.0,openmath,greedy,all,precalculus,0.3
qwen2.5-math-7b,134,102,1.0,baseline,greedy,all,all,0.4
qwen2.5-math-7b,134,110,1.0,openmath,greedy,all,all,0.4
qwen2.5-math-7b,14,14,1.0,baseline,greedy,1,all,0.4
qwen2.5-math-7b,14,14,1.0,openmath,greedy,1,all,0.4
qwen2.5-math-7b,25,20,1.0,baseline,greedy,2,all,0.4
qwen2.5-math-7b,25,19,1.0,openmath,greedy,2,all,0.4
qwen2.5-math-7b,33,26,1.0,baseline,greedy,3,all,0.4
qwen2.5-math-7b,33,26,1.0,openmath,greedy,3,all,0.4
qwen2.5-math-7b,27,20,1.0,baseline,greedy,4,all,0.4
qwen2.5-math-7b,27,24,1.0,openmath,greedy,4,all,0.4
qwen2.5-math-7b,35,22,1.0,baseline,greedy,5,all,0.4
qwen2.5-math-7b,35,27,1.0,openmath,greedy,5,all,0.4
qwen2.5-math-7b,33,29,1.0,baseline,greedy,all,algebra,0.4
qwen2.5-math-7b,33,31,1.0,openmath,greedy,all,algebra,0.4
qwen2.5-math-7b,11,8,1.0,baseline,greedy,all,counting_&_probability,0.4
qwen2.5-math-7b,11,10,1.0,openmath,greedy,all,counting_&_probability,0.4
qwen2.5-math-7b,10,6,1.0,baseline,greedy,all,geometry,0.4
qwen2.5-math-7b,10,7,1.0,openmath,greedy,all,geometry,0.4
qwen2.5-math-7b,20,13,1.0,baseline,greedy,all,intermediate_algebra,0.4
qwen2.5-math-7b,20,14,1.0,openmath,greedy,all,intermediate_algebra,0.4
qwen2.5-math-7b,18,14,1.0,baseline,greedy,all,number_theory,0.4
qwen2.5-math-7b,18,17,1.0,openmath,greedy,all,number_theory,0.4
qwen2.5-math-7b,21,19,1.0,baseline,greedy,all,prealgebra,0.4
qwen2.5-math-7b,21,18,1.0,openmath,greedy,all,prealgebra,0.4
qwen2.5-math-7b,21,13,1.0,baseline,greedy,all,precalculus,0.4
qwen2.5-math-7b,21,13,1.0,openmath,greedy,all,precalculus,0.4
qwen2.5-math-7b,121,92,1.0,baseline,greedy,all,all,0.5
qwen2.5-math-7b,121,99,1.0,openmath,greedy,all,all,0.5
qwen2.5-math-7b,14,14,1.0,baseline,greedy,1,all,0.5
qwen2.5-math-7b,14,14,1.0,openmath,greedy,1,all,0.5
qwen2.5-math-7b,22,17,1.0,baseline,greedy,2,all,0.5
qwen2.5-math-7b,22,16,1.0,openmath,greedy,2,all,0.5
qwen2.5-math-7b,31,24,1.0,baseline,greedy,3,all,0.5
qwen2.5-math-7b,31,24,1.0,openmath,greedy,3,all,0.5
qwen2.5-math-7b,24,18,1.0,baseline,greedy,4,all,0.5
qwen2.5-math-7b,24,22,1.0,openmath,greedy,4,all,0.5
qwen2.5-math-7b,30,19,1.0,baseline,greedy,5,all,0.5
qwen2.5-math-7b,30,23,1.0,openmath,greedy,5,all,0.5
qwen2.5-math-7b,28,24,1.0,baseline,greedy,all,algebra,0.5
qwen2.5-math-7b,28,26,1.0,openmath,greedy,all,algebra,0.5
qwen2.5-math-7b,10,8,1.0,baseline,greedy,all,counting_&_probability,0.5
qwen2.5-math-7b,10,9,1.0,openmath,greedy,all,counting_&_probability,0.5
qwen2.5-math-7b,6,4,1.0,baseline,greedy,all,geometry,0.5
qwen2.5-math-7b,6,5,1.0,openmath,greedy,all,geometry,0.5
qwen2.5-math-7b,20,13,1.0,baseline,greedy,all,intermediate_algebra,0.5
qwen2.5-math-7b,20,14,1.0,openmath,greedy,all,intermediate_algebra,0.5
qwen2.5-math-7b,17,13,1.0,baseline,greedy,all,number_theory,0.5
qwen2.5-math-7b,17,16,1.0,openmath,greedy,all,number_theory,0.5
qwen2.5-math-7b,19,17,1.0,baseline,greedy,all,prealgebra,0.5
qwen2.5-math-7b,19,16,1.0,openmath,greedy,all,prealgebra,0.5
qwen2.5-math-7b,21,13,1.0,baseline,greedy,all,precalculus,0.5
qwen2.5-math-7b,21,13,1.0,openmath,greedy,all,precalculus,0.5
qwen2.5-math-7b,115,87,1.0,baseline,greedy,all,all,0.6
qwen2.5-math-7b,115,94,1.0,openmath,greedy,all,all,0.6
qwen2.5-math-7b,13,13,1.0,baseline,greedy,1,all,0.6
qwen2.5-math-7b,13,13,1.0,openmath,greedy,1,all,0.6
qwen2.5-math-7b,21,17,1.0,baseline,greedy,2,all,0.6
qwen2.5-math-7b,21,16,1.0,openmath,greedy,2,all,0.6
qwen2.5-math-7b,30,23,1.0,baseline,greedy,3,all,0.6
qwen2.5-math-7b,30,23,1.0,openmath,greedy,3,all,0.6
qwen2.5-math-7b,23,17,1.0,baseline,greedy,4,all,0.6
qwen2.5-math-7b,23,21,1.0,openmath,greedy,4,all,0.6
qwen2.5-math-7b,28,17,1.0,baseline,greedy,5,all,0.6
qwen2.5-math-7b,28,21,1.0,openmath,greedy,5,all,0.6
qwen2.5-math-7b,27,23,1.0,baseline,greedy,all,algebra,0.6
qwen2.5-math-7b,27,25,1.0,openmath,greedy,all,algebra,0.6
qwen2.5-math-7b,9,7,1.0,baseline,greedy,all,counting_&_probability,0.6
qwen2.5-math-7b,9,8,1.0,openmath,greedy,all,counting_&_probability,0.6
qwen2.5-math-7b,5,3,1.0,baseline,greedy,all,geometry,0.6
qwen2.5-math-7b,5,4,1.0,openmath,greedy,all,geometry,0.6
qwen2.5-math-7b,19,12,1.0,baseline,greedy,all,intermediate_algebra,0.6
qwen2.5-math-7b,19,13,1.0,openmath,greedy,all,intermediate_algebra,0.6
qwen2.5-math-7b,16,12,1.0,baseline,greedy,all,number_theory,0.6
qwen2.5-math-7b,16,15,1.0,openmath,greedy,all,number_theory,0.6
qwen2.5-math-7b,19,17,1.0,baseline,greedy,all,prealgebra,0.6
qwen2.5-math-7b,19,16,1.0,openmath,greedy,all,prealgebra,0.6
qwen2.5-math-7b,20,13,1.0,baseline,greedy,all,precalculus,0.6
qwen2.5-math-7b,20,13,1.0,openmath,greedy,all,precalculus,0.6
qwen2.5-math-7b,105,80,1.0,baseline,greedy,all,all,0.7
qwen2.5-math-7b,105,87,1.0,openmath,greedy,all,all,0.7
qwen2.5-math-7b,13,13,1.0,baseline,greedy,1,all,0.7
qwen2.5-math-7b,13,13,1.0,openmath,greedy,1,all,0.7
qwen2.5-math-7b,19,16,1.0,baseline,greedy,2,all,0.7
qwen2.5-math-7b,19,15,1.0,openmath,greedy,2,all,0.7
qwen2.5-math-7b,25,19,1.0,baseline,greedy,3,all,0.7
qwen2.5-math-7b,25,19,1.0,openmath,greedy,3,all,0.7
qwen2.5-math-7b,22,16,1.0,baseline,greedy,4,all,0.7
qwen2.5-math-7b,22,20,1.0,openmath,greedy,4,all,0.7
qwen2.5-math-7b,26,16,1.0,baseline,greedy,5,all,0.7
qwen2.5-math-7b,26,20,1.0,openmath,greedy,5,all,0.7
qwen2.5-math-7b,24,21,1.0,baseline,greedy,all,algebra,0.7
qwen2.5-math-7b,24,23,1.0,openmath,greedy,all,algebra,0.7
qwen2.5-math-7b,9,7,1.0,baseline,greedy,all,counting_&_probability,0.7
qwen2.5-math-7b,9,8,1.0,openmath,greedy,all,counting_&_probability,0.7
qwen2.5-math-7b,4,2,1.0,baseline,greedy,all,geometry,0.7
qwen2.5-math-7b,4,3,1.0,openmath,greedy,all,geometry,0.7
qwen2.5-math-7b,17,11,1.0,baseline,greedy,all,intermediate_algebra,0.7
qwen2.5-math-7b,17,12,1.0,openmath,greedy,all,intermediate_algebra,0.7
qwen2.5-math-7b,15,11,1.0,baseline,greedy,all,number_theory,0.7
qwen2.5-math-7b,15,14,1.0,openmath,greedy,all,number_theory,0.7
qwen2.5-math-7b,18,17,1.0,baseline,greedy,all,prealgebra,0.7
qwen2.5-math-7b,18,16,1.0,openmath,greedy,all,prealgebra,0.7
qwen2.5-math-7b,18,11,1.0,baseline,greedy,all,precalculus,0.7
qwen2.5-math-7b,18,11,1.0,openmath,greedy,all,precalculus,0.7
qwen2.5-math-7b,89,69,1.0,baseline,greedy,all,all,0.8
qwen2.5-math-7b,89,73,1.0,openmath,greedy,all,all,0.8
qwen2.5-math-7b,11,11,1.0,baseline,greedy,1,all,0.8
qwen2.5-math-7b,11,11,1.0,openmath,greedy,1,all,0.8
qwen2.5-math-7b,18,15,1.0,baseline,greedy,2,all,0.8
qwen2.5-math-7b,18,14,1.0,openmath,greedy,2,all,0.8
qwen2.5-math-7b,22,17,1.0,baseline,greedy,3,all,0.8
qwen2.5-math-7b,22,17,1.0,openmath,greedy,3,all,0.8
qwen2.5-math-7b,19,14,1.0,baseline,greedy,4,all,0.8
qwen2.5-math-7b,19,17,1.0,openmath,greedy,4,all,0.8
qwen2.5-math-7b,19,12,1.0,baseline,greedy,5,all,0.8
qwen2.5-math-7b,19,14,1.0,openmath,greedy,5,all,0.8
qwen2.5-math-7b,19,17,1.0,baseline,greedy,all,algebra,0.8
qwen2.5-math-7b,19,19,1.0,openmath,greedy,all,algebra,0.8
qwen2.5-math-7b,9,7,1.0,baseline,greedy,all,counting_&_probability,0.8
qwen2.5-math-7b,9,8,1.0,openmath,greedy,all,counting_&_probability,0.8
qwen2.5-math-7b,4,2,1.0,baseline,greedy,all,geometry,0.8
qwen2.5-math-7b,4,3,1.0,openmath,greedy,all,geometry,0.8
qwen2.5-math-7b,15,9,1.0,baseline,greedy,all,intermediate_algebra,0.8
qwen2.5-math-7b,15,10,1.0,openmath,greedy,all,intermediate_algebra,0.8
qwen2.5-math-7b,12,10,1.0,baseline,greedy,all,number_theory,0.8
qwen2.5-math-7b,12,11,1.0,openmath,greedy,all,number_theory,0.8
qwen2.5-math-7b,16,15,1.0,baseline,greedy,all,prealgebra,0.8
qwen2.5-math-7b,16,14,1.0,openmath,greedy,all,prealgebra,0.8
qwen2.5-math-7b,14,9,1.0,baseline,greedy,all,precalculus,0.8
qwen2.5-math-7b,14,8,1.0,openmath,greedy,all,precalculus,0.8
qwen2.5-math-7b,75,60,1.0,baseline,greedy,all,all,0.9
qwen2.5-math-7b,75,62,1.0,openmath,greedy,all,all,0.9
qwen2.5-math-7b,8,8,1.0,baseline,greedy,1,all,0.9
qwen2.5-math-7b,8,8,1.0,openmath,greedy,1,all,0.9
qwen2.5-math-7b,16,14,1.0,baseline,greedy,2,all,0.9
qwen2.5-math-7b,16,13,1.0,openmath,greedy,2,all,0.9
qwen2.5-math-7b,19,15,1.0,baseline,greedy,3,all,0.9
qwen2.5-math-7b,19,15,1.0,openmath,greedy,3,all,0.9
qwen2.5-math-7b,18,14,1.0,baseline,greedy,4,all,0.9
qwen2.5-math-7b,18,16,1.0,openmath,greedy,4,all,0.9
qwen2.5-math-7b,14,9,1.0,baseline,greedy,5,all,0.9
qwen2.5-math-7b,14,10,1.0,openmath,greedy,5,all,0.9
qwen2.5-math-7b,15,13,1.0,baseline,greedy,all,algebra,0.9
qwen2.5-math-7b,15,15,1.0,openmath,greedy,all,algebra,0.9
qwen2.5-math-7b,9,7,1.0,baseline,greedy,all,counting_&_probability,0.9
qwen2.5-math-7b,9,8,1.0,openmath,greedy,all,counting_&_probability,0.9
qwen2.5-math-7b,3,2,1.0,baseline,greedy,all,geometry,0.9
qwen2.5-math-7b,3,3,1.0,openmath,greedy,all,geometry,0.9
qwen2.5-math-7b,15,9,1.0,baseline,greedy,all,intermediate_algebra,0.9
qwen2.5-math-7b,15,10,1.0,openmath,greedy,all,intermediate_algebra,0.9
qwen2.5-math-7b,9,9,1.0,baseline,greedy,all,number_theory,0.9
qwen2.5-math-7b,9,8,1.0,openmath,greedy,all,number_theory,0.9
qwen2.5-math-7b,13,12,1.0,baseline,greedy,all,prealgebra,0.9
qwen2.5-math-7b,13,11,1.0,openmath,greedy,all,prealgebra,0.9
qwen2.5-math-7b,11,8,1.0,baseline,greedy,all,precalculus,0.9
qwen2.5-math-7b,11,7,1.0,openmath,greedy,all,precalculus,0.9
qwen2.5-math-7b,500,406,1.99,baseline,best-of-n,all,all,0.0
qwen2.5-math-7b,500,407,1.88,openmath,best-of-n,all,all,0.0
qwen2.5-math-7b,43,40,1.33,baseline,best-of-n,1,all,0.0
qwen2.5-math-7b,43,41,1.28,openmath,best-of-n,1,all,0.0
qwen2.5-math-7b,90,79,1.52,baseline,best-of-n,2,all,0.0
qwen2.5-math-7b,90,80,1.5,openmath,best-of-n,2,all,0.0
qwen2.5-math-7b,105,90,1.78,baseline,best-of-n,3,all,0.0
qwen2.5-math-7b,105,90,1.68,openmath,best-of-n,3,all,0.0
qwen2.5-math-7b,128,106,2.05,baseline,best-of-n,4,all,0.0
qwen2.5-math-7b,128,105,1.85,openmath,best-of-n,4,all,0.0
qwen2.5-math-7b,134,91,2.62,baseline,best-of-n,5,all,0.0
qwen2.5-math-7b,134,91,2.52,openmath,best-of-n,5,all,0.0
qwen2.5-math-7b,124,113,1.42,baseline,best-of-n,all,algebra,0.0
qwen2.5-math-7b,124,115,1.35,openmath,best-of-n,all,algebra,0.0
qwen2.5-math-7b,38,31,2.13,baseline,best-of-n,all,counting_&_probability,0.0
qwen2.5-math-7b,38,30,2.11,openmath,best-of-n,all,counting_&_probability,0.0
qwen2.5-math-7b,41,27,2.68,baseline,best-of-n,all,geometry,0.0
qwen2.5-math-7b,41,26,2.76,openmath,best-of-n,all,geometry,0.0
qwen2.5-math-7b,97,71,2.38,baseline,best-of-n,all,intermediate_algebra,0.0
qwen2.5-math-7b,97,72,2.21,openmath,best-of-n,all,intermediate_algebra,0.0
qwen2.5-math-7b,62,58,1.6,baseline,best-of-n,all,number_theory,0.0
qwen2.5-math-7b,62,59,1.32,openmath,best-of-n,all,number_theory,0.0
qwen2.5-math-7b,82,69,1.87,baseline,best-of-n,all,prealgebra,0.0
qwen2.5-math-7b,82,70,1.7,openmath,best-of-n,all,prealgebra,0.0
qwen2.5-math-7b,56,37,2.57,baseline,best-of-n,all,precalculus,0.0
qwen2.5-math-7b,56,35,2.59,openmath,best-of-n,all,precalculus,0.0
qwen2.5-math-7b,201,173,1.82,baseline,best-of-n,all,all,0.1
qwen2.5-math-7b,201,175,1.63,openmath,best-of-n,all,all,0.1
qwen2.5-math-7b,19,19,1.05,baseline,best-of-n,1,all,0.1
qwen2.5-math-7b,19,19,1.11,openmath,best-of-n,1,all,0.1
qwen2.5-math-7b,39,33,1.62,baseline,best-of-n,2,all,0.1
qwen2.5-math-7b,39,34,1.62,openmath,best-of-n,2,all,0.1
qwen2.5-math-7b,52,44,1.88,baseline,best-of-n,3,all,0.1
qwen2.5-math-7b,52,44,1.73,openmath,best-of-n,3,all,0.1
qwen2.5-math-7b,43,38,1.86,baseline,best-of-n,4,all,0.1
qwen2.5-math-7b,43,40,1.37,openmath,best-of-n,4,all,0.1
qwen2.5-math-7b,48,39,2.17,baseline,best-of-n,5,all,0.1
qwen2.5-math-7b,48,38,1.98,openmath,best-of-n,5,all,0.1
qwen2.5-math-7b,52,48,1.4,baseline,best-of-n,all,algebra,0.1
qwen2.5-math-7b,52,48,1.35,openmath,best-of-n,all,algebra,0.1
qwen2.5-math-7b,19,17,1.68,baseline,best-of-n,all,counting_&_probability,0.1
qwen2.5-math-7b,19,18,1.37,openmath,best-of-n,all,counting_&_probability,0.1
qwen2.5-math-7b,15,12,2.13,baseline,best-of-n,all,geometry,0.1
qwen2.5-math-7b,15,12,1.93,openmath,best-of-n,all,geometry,0.1
qwen2.5-math-7b,32,25,2.03,baseline,best-of-n,all,intermediate_algebra,0.1
qwen2.5-math-7b,32,26,1.91,openmath,best-of-n,all,intermediate_algebra,0.1
qwen2.5-math-7b,24,24,1.62,baseline,best-of-n,all,number_theory,0.1
qwen2.5-math-7b,24,24,1.17,openmath,best-of-n,all,number_theory,0.1
qwen2.5-math-7b,28,27,1.46,baseline,best-of-n,all,prealgebra,0.1
qwen2.5-math-7b,28,27,1.25,openmath,best-of-n,all,prealgebra,0.1
qwen2.5-math-7b,31,20,2.68,baseline,best-of-n,all,precalculus,0.1
qwen2.5-math-7b,31,20,2.55,openmath,best-of-n,all,precalculus,0.1
qwen2.5-math-7b,171,148,1.78,baseline,best-of-n,all,all,0.2
qwen2.5-math-7b,171,149,1.62,openmath,best-of-n,all,all,0.2
qwen2.5-math-7b,16,16,1.06,baseline,best-of-n,1,all,0.2
qwen2.5-math-7b,16,16,1.12,openmath,best-of-n,1,all,0.2
qwen2.5-math-7b,32,27,1.62,baseline,best-of-n,2,all,0.2
qwen2.5-math-7b,32,28,1.62,openmath,best-of-n,2,all,0.2
qwen2.5-math-7b,40,33,1.85,baseline,best-of-n,3,all,0.2
qwen2.5-math-7b,40,33,1.77,openmath,best-of-n,3,all,0.2
qwen2.5-math-7b,38,34,1.79,baseline,best-of-n,4,all,0.2
qwen2.5-math-7b,38,36,1.29,openmath,best-of-n,4,all,0.2
qwen2.5-math-7b,45,38,2.07,baseline,best-of-n,5,all,0.2
qwen2.5-math-7b,45,36,1.93,openmath,best-of-n,5,all,0.2
qwen2.5-math-7b,44,41,1.39,baseline,best-of-n,all,algebra,0.2
qwen2.5-math-7b,44,41,1.32,openmath,best-of-n,all,algebra,0.2
qwen2.5-math-7b,16,15,1.56,baseline,best-of-n,all,counting_&_probability,0.2
qwen2.5-math-7b,16,16,1.19,openmath,best-of-n,all,counting_&_probability,0.2
qwen2.5-math-7b,14,11,2.21,baseline,best-of-n,all,geometry,0.2
qwen2.5-math-7b,14,11,2.0,openmath,best-of-n,all,geometry,0.2
qwen2.5-math-7b,29,22,2.14,baseline,best-of-n,all,intermediate_algebra,0.2
qwen2.5-math-7b,29,23,2.0,openmath,best-of-n,all,intermediate_algebra,0.2
qwen2.5-math-7b,19,19,1.42,baseline,best-of-n,all,number_theory,0.2
qwen2.5-math-7b,19,19,1.11,openmath,best-of-n,all,number_theory,0.2
qwen2.5-math-7b,23,22,1.39,baseline,best-of-n,all,prealgebra,0.2
qwen2.5-math-7b,23,22,1.22,openmath,best-of-n,all,prealgebra,0.2
qwen2.5-math-7b,26,18,2.54,baseline,best-of-n,all,precalculus,0.2
qwen2.5-math-7b,26,17,2.5,openmath,best-of-n,all,precalculus,0.2
qwen2.5-math-7b,151,133,1.74,baseline,best-of-n,all,all,0.3
qwen2.5-math-7b,151,134,1.56,openmath,best-of-n,all,all,0.3
qwen2.5-math-7b,14,14,1.07,baseline,best-of-n,1,all,0.3
qwen2.5-math-7b,14,14,1.0,openmath,best-of-n,1,all,0.3
qwen2.5-math-7b,28,23,1.71,baseline,best-of-n,2,all,0.3
qwen2.5-math-7b,28,24,1.71,openmath,best-of-n,2,all,0.3
qwen2.5-math-7b,37,31,1.81,baseline,best-of-n,3,all,0.3
qwen2.5-math-7b,37,31,1.73,openmath,best-of-n,3,all,0.3
qwen2.5-math-7b,33,30,1.76,baseline,best-of-n,4,all,0.3
qwen2.5-math-7b,33,32,1.21,openmath,best-of-n,4,all,0.3
qwen2.5-math-7b,39,35,1.92,baseline,best-of-n,5,all,0.3
qwen2.5-math-7b,39,33,1.77,openmath,best-of-n,5,all,0.3
qwen2.5-math-7b,39,36,1.44,baseline,best-of-n,all,algebra,0.3
qwen2.5-math-7b,39,36,1.36,openmath,best-of-n,all,algebra,0.3
qwen2.5-math-7b,14,13,1.64,baseline,best-of-n,all,counting_&_probability,0.3
qwen2.5-math-7b,14,14,1.21,openmath,best-of-n,all,counting_&_probability,0.3
qwen2.5-math-7b,12,10,2.08,baseline,best-of-n,all,geometry,0.3
qwen2.5-math-7b,12,10,1.83,openmath,best-of-n,all,geometry,0.3
qwen2.5-math-7b,22,18,1.95,baseline,best-of-n,all,intermediate_algebra,0.3
qwen2.5-math-7b,22,19,1.68,openmath,best-of-n,all,intermediate_algebra,0.3
qwen2.5-math-7b,18,18,1.44,baseline,best-of-n,all,number_theory,0.3
qwen2.5-math-7b,18,18,1.11,openmath,best-of-n,all,number_theory,0.3
qwen2.5-math-7b,22,21,1.41,baseline,best-of-n,all,prealgebra,0.3
qwen2.5-math-7b,22,21,1.23,openmath,best-of-n,all,prealgebra,0.3
qwen2.5-math-7b,24,17,2.46,baseline,best-of-n,all,precalculus,0.3
qwen2.5-math-7b,24,16,2.46,openmath,best-of-n,all,precalculus,0.3
qwen2.5-math-7b,134,117,1.72,baseline,best-of-n,all,all,0.4
qwen2.5-math-7b,134,118,1.58,openmath,best-of-n,all,all,0.4
qwen2.5-math-7b,14,14,1.07,baseline,best-of-n,1,all,0.4
qwen2.5-math-7b,14,14,1.0,openmath,best-of-n,1,all,0.4
qwen2.5-math-7b,25,20,1.8,baseline,best-of-n,2,all,0.4
qwen2.5-math-7b,25,21,1.8,openmath,best-of-n,2,all,0.4
qwen2.5-math-7b,33,28,1.67,baseline,best-of-n,3,all,0.4
qwen2.5-math-7b,33,28,1.7,openmath,best-of-n,3,all,0.4
qwen2.5-math-7b,27,24,1.81,baseline,best-of-n,4,all,0.4
qwen2.5-math-7b,27,26,1.22,openmath,best-of-n,4,all,0.4
qwen2.5-math-7b,35,31,1.91,baseline,best-of-n,5,all,0.4
qwen2.5-math-7b,35,29,1.83,openmath,best-of-n,5,all,0.4
qwen2.5-math-7b,33,31,1.27,baseline,best-of-n,all,algebra,0.4
qwen2.5-math-7b,33,31,1.27,openmath,best-of-n,all,algebra,0.4
qwen2.5-math-7b,11,10,1.55,baseline,best-of-n,all,counting_&_probability,0.4
qwen2.5-math-7b,11,11,1.27,openmath,best-of-n,all,counting_&_probability,0.4
qwen2.5-math-7b,10,8,2.3,baseline,best-of-n,all,geometry,0.4
qwen2.5-math-7b,10,8,2.0,openmath,best-of-n,all,geometry,0.4
qwen2.5-math-7b,20,16,2.05,baseline,best-of-n,all,intermediate_algebra,0.4
qwen2.5-math-7b,20,17,1.75,openmath,best-of-n,all,intermediate_algebra,0.4
qwen2.5-math-7b,18,18,1.44,baseline,best-of-n,all,number_theory,0.4
qwen2.5-math-7b,18,18,1.11,openmath,best-of-n,all,number_theory,0.4
qwen2.5-math-7b,21,20,1.43,baseline,best-of-n,all,prealgebra,0.4
qwen2.5-math-7b,21,20,1.24,openmath,best-of-n,all,prealgebra,0.4
qwen2.5-math-7b,21,14,2.48,baseline,best-of-n,all,precalculus,0.4
qwen2.5-math-7b,21,13,2.62,openmath,best-of-n,all,precalculus,0.4
qwen2.5-math-7b,121,106,1.7,baseline,best-of-n,all,all,0.5
qwen2.5-math-7b,121,107,1.57,openmath,best-of-n,all,all,0.5
qwen2.5-math-7b,14,14,1.07,baseline,best-of-n,1,all,0.5
qwen2.5-math-7b,14,14,1.0,openmath,best-of-n,1,all,0.5
qwen2.5-math-7b,22,17,1.91,baseline,best-of-n,2,all,0.5
qwen2.5-math-7b,22,18,1.91,openmath,best-of-n,2,all,0.5
qwen2.5-math-7b,31,26,1.71,baseline,best-of-n,3,all,0.5
qwen2.5-math-7b,31,26,1.74,openmath,best-of-n,3,all,0.5
qwen2.5-math-7b,24,22,1.75,baseline,best-of-n,4,all,0.5
qwen2.5-math-7b,24,24,1.08,openmath,best-of-n,4,all,0.5
qwen2.5-math-7b,30,27,1.8,baseline,best-of-n,5,all,0.5
qwen2.5-math-7b,30,25,1.8,openmath,best-of-n,5,all,0.5
qwen2.5-math-7b,28,26,1.32,baseline,best-of-n,all,algebra,0.5
qwen2.5-math-7b,28,26,1.32,openmath,best-of-n,all,algebra,0.5
qwen2.5-math-7b,10,9,1.4,baseline,best-of-n,all,counting_&_probability,0.5
qwen2.5-math-7b,10,10,1.2,openmath,best-of-n,all,counting_&_probability,0.5
qwen2.5-math-7b,6,6,1.83,baseline,best-of-n,all,geometry,0.5
qwen2.5-math-7b,6,6,1.33,openmath,best-of-n,all,geometry,0.5
qwen2.5-math-7b,20,16,2.05,baseline,best-of-n,all,intermediate_algebra,0.5
qwen2.5-math-7b,20,17,1.75,openmath,best-of-n,all,intermediate_algebra,0.5
qwen2.5-math-7b,17,17,1.47,baseline,best-of-n,all,number_theory,0.5
qwen2.5-math-7b,17,17,1.12,openmath,best-of-n,all,number_theory,0.5
qwen2.5-math-7b,19,18,1.37,baseline,best-of-n,all,prealgebra,0.5
qwen2.5-math-7b,19,18,1.26,openmath,best-of-n,all,prealgebra,0.5
qwen2.5-math-7b,21,14,2.48,baseline,best-of-n,all,precalculus,0.5
qwen2.5-math-7b,21,13,2.62,openmath,best-of-n,all,precalculus,0.5
qwen2.5-math-7b,115,101,1.7,baseline,best-of-n,all,all,0.6
qwen2.5-math-7b,115,102,1.56,openmath,best-of-n,all,all,0.6
qwen2.5-math-7b,13,13,1.08,baseline,best-of-n,1,all,0.6
qwen2.5-math-7b,13,13,1.0,openmath,best-of-n,1,all,0.6
qwen2.5-math-7b,21,17,1.76,baseline,best-of-n,2,all,0.6
qwen2.5-math-7b,21,18,1.76,openmath,best-of-n,2,all,0.6
qwen2.5-math-7b,30,25,1.73,baseline,best-of-n,3,all,0.6
qwen2.5-math-7b,30,25,1.77,openmath,best-of-n,3,all,0.6
qwen2.5-math-7b,23,21,1.78,baseline,best-of-n,4,all,0.6
qwen2.5-math-7b,23,23,1.09,openmath,best-of-n,4,all,0.6
qwen2.5-math-7b,28,25,1.86,baseline,best-of-n,5,all,0.6
qwen2.5-math-7b,28,23,1.82,openmath,best-of-n,5,all,0.6
qwen2.5-math-7b,27,25,1.33,baseline,best-of-n,all,algebra,0.6
qwen2.5-math-7b,27,25,1.33,openmath,best-of-n,all,algebra,0.6
qwen2.5-math-7b,9,8,1.44,baseline,best-of-n,all,counting_&_probability,0.6
qwen2.5-math-7b,9,9,1.22,openmath,best-of-n,all,counting_&_probability,0.6
qwen2.5-math-7b,5,5,2.0,baseline,best-of-n,all,geometry,0.6
qwen2.5-math-7b,5,5,1.2,openmath,best-of-n,all,geometry,0.6
qwen2.5-math-7b,19,15,2.11,baseline,best-of-n,all,intermediate_algebra,0.6
qwen2.5-math-7b,19,16,1.79,openmath,best-of-n,all,intermediate_algebra,0.6
qwen2.5-math-7b,16,16,1.5,baseline,best-of-n,all,number_theory,0.6
qwen2.5-math-7b,16,16,1.12,openmath,best-of-n,all,number_theory,0.6
qwen2.5-math-7b,19,18,1.37,baseline,best-of-n,all,prealgebra,0.6
qwen2.5-math-7b,19,18,1.26,openmath,best-of-n,all,prealgebra,0.6
qwen2.5-math-7b,20,14,2.35,baseline,best-of-n,all,precalculus,0.6
qwen2.5-math-7b,20,13,2.5,openmath,best-of-n,all,precalculus,0.6
qwen2.5-math-7b,105,94,1.66,baseline,best-of-n,all,all,0.7
qwen2.5-math-7b,105,95,1.48,openmath,best-of-n,all,all,0.7
qwen2.5-math-7b,13,13,1.08,baseline,best-of-n,1,all,0.7
qwen2.5-math-7b,13,13,1.0,openmath,best-of-n,1,all,0.7
qwen2.5-math-7b,19,16,1.63,baseline,best-of-n,2,all,0.7
qwen2.5-math-7b,19,17,1.63,openmath,best-of-n,2,all,0.7
qwen2.5-math-7b,25,21,1.72,baseline,best-of-n,3,all,0.7
qwen2.5-math-7b,25,21,1.76,openmath,best-of-n,3,all,0.7
qwen2.5-math-7b,22,20,1.82,baseline,best-of-n,4,all,0.7
qwen2.5-math-7b,22,22,1.09,openmath,best-of-n,4,all,0.7
qwen2.5-math-7b,26,24,1.77,baseline,best-of-n,5,all,0.7
qwen2.5-math-7b,26,22,1.65,openmath,best-of-n,5,all,0.7
qwen2.5-math-7b,24,23,1.21,baseline,best-of-n,all,algebra,0.7
qwen2.5-math-7b,24,23,1.21,openmath,best-of-n,all,algebra,0.7
qwen2.5-math-7b,9,8,1.44,baseline,best-of-n,all,counting_&_probability,0.7
qwen2.5-math-7b,9,9,1.22,openmath,best-of-n,all,counting_&_probability,0.7
qwen2.5-math-7b,4,4,2.25,baseline,best-of-n,all,geometry,0.7
qwen2.5-math-7b,4,4,1.25,openmath,best-of-n,all,geometry,0.7
qwen2.5-math-7b,17,14,2.0,baseline,best-of-n,all,intermediate_algebra,0.7
qwen2.5-math-7b,17,15,1.65,openmath,best-of-n,all,intermediate_algebra,0.7
qwen2.5-math-7b,15,15,1.53,baseline,best-of-n,all,number_theory,0.7
qwen2.5-math-7b,15,15,1.13,openmath,best-of-n,all,number_theory,0.7
qwen2.5-math-7b,18,18,1.17,baseline,best-of-n,all,prealgebra,0.7
qwen2.5-math-7b,18,18,1.06,openmath,best-of-n,all,prealgebra,0.7
qwen2.5-math-7b,18,12,2.5,baseline,best-of-n,all,precalculus,0.7
qwen2.5-math-7b,18,11,2.56,openmath,best-of-n,all,precalculus,0.7
qwen2.5-math-7b,89,80,1.64,baseline,best-of-n,all,all,0.8
qwen2.5-math-7b,89,82,1.4,openmath,best-of-n,all,all,0.8
qwen2.5-math-7b,11,11,1.09,baseline,best-of-n,1,all,0.8
qwen2.5-math-7b,11,11,1.0,openmath,best-of-n,1,all,0.8
qwen2.5-math-7b,18,15,1.67,baseline,best-of-n,2,all,0.8
qwen2.5-math-7b,18,16,1.67,openmath,best-of-n,2,all,0.8
qwen2.5-math-7b,22,19,1.64,baseline,best-of-n,3,all,0.8
qwen2.5-math-7b,22,19,1.64,openmath,best-of-n,3,all,0.8
qwen2.5-math-7b,19,17,1.95,baseline,best-of-n,4,all,0.8
qwen2.5-math-7b,19,19,1.11,openmath,best-of-n,4,all,0.8
qwen2.5-math-7b,19,18,1.63,baseline,best-of-n,5,all,0.8
qwen2.5-math-7b,19,17,1.42,openmath,best-of-n,5,all,0.8
qwen2.5-math-7b,19,19,1.05,baseline,best-of-n,all,algebra,0.8
qwen2.5-math-7b,19,19,1.0,openmath,best-of-n,all,algebra,0.8
qwen2.5-math-7b,9,8,1.44,baseline,best-of-n,all,counting_&_probability,0.8
qwen2.5-math-7b,9,9,1.22,openmath,best-of-n,all,counting_&_probability,0.8
qwen2.5-math-7b,4,4,2.25,baseline,best-of-n,all,geometry,0.8
qwen2.5-math-7b,4,4,1.25,openmath,best-of-n,all,geometry,0.8
qwen2.5-math-7b,15,12,2.13,baseline,best-of-n,all,intermediate_algebra,0.8
qwen2.5-math-7b,15,13,1.73,openmath,best-of-n,all,intermediate_algebra,0.8
qwen2.5-math-7b,12,12,1.33,baseline,best-of-n,all,number_theory,0.8
qwen2.5-math-7b,12,12,1.08,openmath,best-of-n,all,number_theory,0.8
qwen2.5-math-7b,16,16,1.19,baseline,best-of-n,all,prealgebra,0.8
qwen2.5-math-7b,16,16,1.06,openmath,best-of-n,all,prealgebra,0.8
qwen2.5-math-7b,14,9,2.64,baseline,best-of-n,all,precalculus,0.8
qwen2.5-math-7b,14,9,2.43,openmath,best-of-n,all,precalculus,0.8
qwen2.5-math-7b,75,68,1.57,baseline,best-of-n,all,all,0.9
qwen2.5-math-7b,75,70,1.36,openmath,best-of-n,all,all,0.9
qwen2.5-math-7b,8,8,1.12,baseline,best-of-n,1,all,0.9
qwen2.5-math-7b,8,8,1.0,openmath,best-of-n,1,all,0.9
qwen2.5-math-7b,16,14,1.5,baseline,best-of-n,2,all,0.9
qwen2.5-math-7b,16,15,1.5,openmath,best-of-n,2,all,0.9
qwen2.5-math-7b,19,17,1.53,baseline,best-of-n,3,all,0.9
qwen2.5-math-7b,19,17,1.53,openmath,best-of-n,3,all,0.9
qwen2.5-math-7b,18,16,1.89,baseline,best-of-n,4,all,0.9
qwen2.5-math-7b,18,18,1.06,openmath,best-of-n,4,all,0.9
qwen2.5-math-7b,14,13,1.57,baseline,best-of-n,5,all,0.9
qwen2.5-math-7b,14,12,1.57,openmath,best-of-n,5,all,0.9
qwen2.5-math-7b,15,15,1.07,baseline,best-of-n,all,algebra,0.9
qwen2.5-math-7b,15,15,1.0,openmath,best-of-n,all,algebra,0.9
qwen2.5-math-7b,9,8,1.44,baseline,best-of-n,all,counting_&_probability,0.9
qwen2.5-math-7b,9,9,1.22,openmath,best-of-n,all,counting_&_probability,0.9
qwen2.5-math-7b,3,3,2.33,baseline,best-of-n,all,geometry,0.9
qwen2.5-math-7b,3,3,1.33,openmath,best-of-n,all,geometry,0.9
qwen2.5-math-7b,15,12,2.13,baseline,best-of-n,all,intermediate_algebra,0.9
qwen2.5-math-7b,15,13,1.73,openmath,best-of-n,all,intermediate_algebra,0.9
qwen2.5-math-7b,9,9,1.11,baseline,best-of-n,all,number_theory,0.9
qwen2.5-math-7b,9,9,1.0,openmath,best-of-n,all,number_theory,0.9
qwen2.5-math-7b,13,13,1.23,baseline,best-of-n,all,prealgebra,0.9
qwen2.5-math-7b,13,13,1.08,openmath,best-of-n,all,prealgebra,0.9
qwen2.5-math-7b,11,8,2.18,baseline,best-of-n,all,precalculus,0.9
qwen2.5-math-7b,11,8,2.09,openmath,best-of-n,all,precalculus,0.9
